Date,S1,S2,S3,C1,C2,G
1950-01-01,1.4488696599119584,2.300460794674399,1.9103955178897967,0.5847530382577875,0.5525681977747408,0.621730161831164
1950-02-01,1.2718321086260045,1.646778503194793,1.19587293405311,0.48063477398387616,0.38102166634962575,0.34996334119594524
1950-03-01,1.2180704538519538,1.5088210923371668,1.0801678737211171,0.3964028435828672,0.3263687392227751,0.26514246089435783
1950-04-01,0.5588527830241414,0.5417065113345405,0.47256754346302915,0.18422903956480524,0.14120511450188739,0.1117709799181076
1950-05-01,0.11428137825850357,0.18083859944230038,0.09901818651103672,0.029701662832529944,0.032959241432717036,0.01406880665591859
1950-06-01,0.14843717394093256,0.36752630806537023,0.3499659067336512,0.12254953009778954,0.12123349524470159,0.2782892994200369
1950-07-01,0.076221633927992,0.20406141183670484,0.09562698668079025,0.025636079337322055,0.03252730943982203,0.043924127897634904
1950-08-01,0.15997599866274897,0.24652590325851043,0.10226881367499487,0.029973083677540518,0.03352236940481082,0.0023295885762793437
1950-09-01,0.21701328486040866,0.2596356883532827,0.14477363995035478,0.05783863675258694,0.04680595187578986,0.03150172057790206
1950-10-01,1.0383664043691472,1.4606873649958676,0.9847581994159645,0.4431487116423304,0.33574351286371984,0.5237608387245606
1950-11-01,1.6517555359974836,2.060995370482162,1.505401788888971,0.6042879644494116,0.4848223836451747,0.4708939261119367
1950-12-01,1.1964766039614223,2.0628481531299823,1.5719526672561113,0.44015841773318615,0.44629619388880043,0.384644345787522
1951-01-01,1.597980553230759,2.2128302208402855,1.8507367250080335,0.7225091566381308,0.5872458344150213,0.6030574690820142
1951-02-01,1.6127046829343514,1.709273705013554,1.248780529201939,0.5948478037050082,0.4441126791114578,0.3280894575336078
1951-03-01,0.7653217513130831,1.2261811065745434,0.8422604742020016,0.3384551104079237,0.27014476863903863,0.25925447590979944
1951-04-01,0.07185344461610571,0.14586785762028898,0.1434798545191924,0.01925577844094454,0.02741056303931188,0.03787622506018407
1951-05-01,0.3781825835761684,0.4861818779529533,0.40327862068492976,0.2279180755499033,0.14261680415501324,0.1960335544145908
1951-06-01,0.058993439212105495,0.12409311144302686,0.13623184600667707,0.062061815214071794,0.04405054811503233,0.31908768795711057
1951-07-01,0.021548319519615496,0.03279411243250878,0.01991088538189946,0.018108828503000038,0.010020972111509381,0.05247931193218469
1951-08-01,0.09560712161637426,0.1366457665422126,0.09384365111713969,0.09543524503094354,0.04340408925920935,0.08210187220833097
1951-09-01,0.3502360529071416,0.4428970462098346,0.32490682953348904,0.10590413379994894,0.09021978214524565,0.06984935569147321
1951-10-01,0.8061689234027496,1.2217968434855278,0.9100783039193207,0.30225840781572433,0.266069131235509,0.31969507300940236
1951-11-01,0.9975629682094594,1.4853440759607903,1.2365343675384646,0.39605800681415837,0.38469116828012534,0.5002760304858488
1951-12-01,1.0319044506717299,1.2580708465237875,1.0983452507587592,0.5197433144173254,0.39291588599361194,0.39890230320322395
1952-01-01,1.0282391083958584,1.2906515318765337,1.1816959398416211,0.49691736190383734,0.36937465795149965,0.5370086083155573
1952-02-01,0.9347733585598232,1.1242363754447706,0.9475384456141095,0.4953731951573434,0.3589806634158982,0.45016275130744654
1952-03-01,0.8012382849169629,0.8562610138297405,0.6276195932463494,0.24623976609438386,0.19357169299020302,0.09394370266420735
1952-04-01,0.28592401018662505,0.3997653784888977,0.3219713390901423,0.08885955277636058,0.08173583570234694,0.03138912927413473
1952-05-01,0.2652330754825292,0.329311426031991,0.26719475394283315,0.10672558256684461,0.09995859159900744,0.16945537816942866
1952-06-01,0.41764058765817474,0.5434788731871737,0.518021565848491,0.2994011146766054,0.2092472552017534,0.47329835224241334
1952-07-01,0.027698843229134712,0.017824562544953376,0.009456521972870963,0.006175668427786736,0.005513911225569042,0.0008520001161737126
1952-08-01,0.04384184655506296,0.1674728281546381,0.1984824072635772,0.07909816990907617,0.10946497464731976,0.24782866361688805
1952-09-01,0.11527154415046793,0.08538765997095797,0.060411864638369846,0.03362641542014462,0.02009942823353873,0.013542610658321809
1952-10-01,0.1508634803767005,0.19051115393295312,0.12028913715740942,0.035380738107285134,0.038076708777375845,0.017980772259386667
1952-11-01,0.15528468319244118,0.24721646793428445,0.20802310725846251,0.10706711860740595,0.07666376761259848,0.20551508638221666
1952-12-01,1.275381079095938,2.013680369587756,1.7149908987114517,0.6662175096840455,0.5469390589413577,0.7184060825222602
1953-01-01,2.5000236647254854,2.9890167916832207,2.344816707327753,1.086717024783872,0.7105427527601303,0.9871836685305319
1953-02-01,0.8495899463169848,0.8655133212530755,0.5944180539647027,0.3354619811947311,0.21810545728047429,0.1986425068107782
1953-03-01,0.39970667771303,0.4725763214631896,0.3048373491566855,0.09905214062898367,0.09059454300814561,0.09064521195898796
1953-04-01,0.3916475019735698,0.5322206464462892,0.5316458094330178,0.1926138157322233,0.1487094407023216,0.3178775078938445
1953-05-01,0.22985850757562643,0.4512910624618024,0.3298294639643718,0.14040535162969342,0.09524832431999655,0.21216545096172873
1953-06-01,0.21163719442361992,0.3435746801210834,0.2394790947563662,0.08572037358108317,0.08047095620774199,0.11072734736448454
1953-07-01,0.02133826667951182,0.07713246476836032,0.03272685284767928,0.0035400258119721167,0.009148369560333991,0.002234765885175895
1953-08-01,0.11387069798362129,0.20193782241125222,0.09065385431677225,0.07476499411609615,0.04397911446361774,0.11051220696545731
1953-09-01,0.18515092883321246,0.18429721193236795,0.11820966742024085,0.03557820373689733,0.03027624886302878,0.007163825134752966
1953-10-01,0.3252283614005433,0.3674047815747733,0.19195781319438027,0.06442951347031144,0.05703325500744953,0.03542663477776529
1953-11-01,0.7911799239494173,1.138752106764135,0.8034882681339118,0.2858619588383962,0.2349980564059679,0.33846781312667346
1953-12-01,1.7406811227447432,2.203105645805169,1.6625152993176444,0.6331314097165213,0.5580226900027838,0.5471458249327817
1954-01-01,1.8705396349622265,2.547513812237332,2.0687015287617503,0.7977025024112163,0.6668789639869973,0.8665797777235034
1954-02-01,1.5798108099182449,1.6621188549440689,1.1618541588713716,0.4643752773447754,0.372372845490798,0.2658955787916954
1954-03-01,0.46699167226073973,0.5038946758012491,0.37089713363040117,0.17189208859533917,0.1331340788586682,0.1678654510493845
1954-04-01,0.5392347793511914,0.7385107603386644,0.6927702823980457,0.12267374255110157,0.15758789182808997,0.0924653279936928
1954-05-01,0.1536424526396202,0.3084782974979162,0.2125963082394454,0.04944165634180623,0.05434023945053341,0.07265479482028288
1954-06-01,0.4112715880842429,0.7115041750888558,0.5132313925387657,0.1468110824568019,0.15124366825713711,0.14024314721718525
1954-07-01,0.10356155120626431,0.2061942344263708,0.08770538232338572,0.03937956432892073,0.03756854531381102,0.05599503192539212
1954-08-01,0.15030207170554213,0.20960123362635552,0.10672346483705843,0.06529738079836037,0.05635912074053036,0.09695611337366729
1954-09-01,0.16885323992168005,0.23611359835447338,0.148717055760562,0.0975350450319154,0.057762722360001455,0.17397714716894394
1954-10-01,0.4808728162957744,0.6262966117725497,0.47623181281009896,0.16180726908122336,0.15937542459693171,0.182445272431463
1954-11-01,1.1556953550821656,1.2886942229143814,0.8720308958299573,0.48923575725408347,0.307375547304771,0.37373900179195224
1954-12-01,0.9959675292298414,1.5103630394974517,1.022902617286931,0.4010559366076336,0.32979551911044286,0.22928844607170365
1955-01-01,0.46679308499709743,0.6279190049845567,0.4157953059439893,0.1520838507530858,0.11035370039076049,0.10673411718859771
1955-02-01,1.2287369107287363,1.0328865047765983,0.7658091743544243,0.4174370891645112,0.29930176068713144,0.23409648298465377
1955-03-01,1.1324914131890536,1.102193107829709,0.7492144727088741,0.38185450035960117,0.26161573652744136,0.2254263419672905
1955-04-01,0.4385445798782202,0.7479821228415935,0.6551606939462717,0.1462107116360601,0.1414787514534154,0.2214429212421701
1955-05-01,0.22296228611259505,0.31140965711394486,0.2192232934173176,0.05798411325995178,0.05630617021536075,0.06440552784287039
1955-06-01,0.11482411733442106,0.27217029934633696,0.18096845764327457,0.03976553856246287,0.03748780915917083,0.051030639515798386
1955-07-01,0.18391361541183737,0.32502389029768247,0.13425831096275526,0.05757017338704836,0.05725403053821698,0.08680321482896412
1955-08-01,0.006145704062694656,0.0017952515343544102,0.0001265233383301521,0.0010760245777666798,0.0008455281635943511,0.0
1955-09-01,0.19893655961471143,0.37417820456243633,0.2469135251214235,0.07685032106100566,0.05486891694855853,0.1088743907510809
1955-10-01,1.102223526320734,1.5066225807204323,1.0556393889629996,0.3679544515094214,0.2839797932301347,0.2989564010338774
1955-11-01,1.6043684164108585,1.4571834715740861,1.2801234090744993,0.5920162814835226,0.4056042193654596,0.625870413487928
1955-12-01,1.308323901939715,1.95419686811195,1.6090311445456809,0.5354905513855043,0.4501531963956251,0.6847989161249872
1956-01-01,1.5246960952038144,2.0843936987286042,1.9335163618453073,0.8000929373650122,0.6758384364303189,1.0201526284093936
1956-02-01,1.2577141695485596,1.488149443315131,0.9747726667519024,0.49768217246754676,0.3845959938077507,0.28818324766239556
1956-03-01,1.5072871026845278,2.1357398101329146,1.6399052553469553,0.549066659382683,0.5001584723707441,0.24156299807942785
1956-04-01,0.1533886593559704,0.205218296892523,0.1460397557808408,0.042015476521315306,0.03950837476143432,0.004430904548655103
1956-05-01,0.13077824692962742,0.21178569579715822,0.20662044358817164,0.11597854208248098,0.09074005052315756,0.21871722030962876
1956-06-01,0.24769134462817163,0.5206826869912081,0.35902980552308883,0.15859168155498807,0.11648596210523524,0.3495771605185846
1956-07-01,0.05656893055965166,0.13106997678966648,0.08201976056554092,0.024062258308712815,0.042879617213053,0.04021392851939741
1956-08-01,0.08545853186789137,0.27320862004703034,0.19322253628612884,0.0546203515749204,0.056763618722053606,0.05339255274324137
1956-09-01,0.4385679219873584,0.4358367468345613,0.37881726089393963,0.1781176058322423,0.13266351460006895,0.16411689628598355
1956-10-01,0.9745641499759041,1.0979306684652221,0.738752390468962,0.33515030799725937,0.2511340579577281,0.2307154221055183
1956-11-01,0.7103837288614551,0.7862994460249487,0.6073230750393902,0.241009033493565,0.19435303484116537,0.11511357459311812
1956-12-01,2.2447644550130086,2.529043509810887,1.9989652252733183,0.7405132949200744,0.7203986595344893,0.4495768602343567
1957-01-01,0.538841469836704,0.6813692276340478,0.4953275221668932,0.24585956064207243,0.1657093368351397,0.170739421139819
1957-02-01,1.0266007680201314,1.2674508242381664,1.004982058019965,0.4060616312540568,0.3468197484740837,0.3140037551887165
1957-03-01,0.8216348120759985,1.06065071550033,0.7898704355684362,0.49085374868940346,0.29297635811049505,0.5515682868377112
1957-04-01,0.3147094527057216,0.5421906149183241,0.5530451121400233,0.173827784097729,0.15554302203711726,0.26247519620801624
1957-05-01,0.14627213673054482,0.325114381617729,0.33578373805136413,0.13493524232774,0.13036563518175737,0.28863285446385645
1957-06-01,0.18948380928754677,0.3843028256639914,0.2697713904809061,0.09061598260120923,0.07913208449558266,0.16048750416766527
1957-07-01,0.057622248902752186,0.15953785767350884,0.07164046982225136,0.00980739268961408,0.03218393818273688,0.027605693130539406
1957-08-01,0.07982333854102448,0.19593380541052507,0.11484329069876355,0.059456282909807125,0.0505389396519523,0.07092605262459468
1957-09-01,0.05819014121221012,0.10616177484554426,0.0664316688263968,0.046092203900790815,0.024350150845151818,0.12162032083904192
1957-10-01,0.4121227602795024,0.6546967297864095,0.45995925147855776,0.24115864250448182,0.16988465260954363,0.3478691229574353
1957-11-01,0.6749495667131886,0.884475040079191,0.6133699532798736,0.258497731171038,0.20086131998199763,0.13773543696190202
1957-12-01,1.6193586142307848,1.8122420967792086,1.5466377203834414,0.679048926213732,0.5809391130434073,0.464312042262529
1958-01-01,1.0044848889957145,1.2693037017904443,1.021102113567548,0.40195043345023546,0.34162793180807083,0.48889906089091506
1958-02-01,0.831456102357445,1.171863878331063,0.7941237075406937,0.3831548493174331,0.2998690329788745,0.5395369979170156
1958-03-01,0.32139989207911546,0.42237811522572266,0.37145880483973337,0.22122735990376918,0.1535738329056039,0.31986522734004247
1958-04-01,0.6924245868097538,1.0292128752297203,1.0060058145136899,0.3379595926020807,0.2909299568877503,0.3811234957580997
1958-05-01,0.05205128310210764,0.18789531225993858,0.12316400697177564,0.029476124062522487,0.032239225916463755,0.07264182305903687
1958-06-01,0.20630000002060828,0.355850869135574,0.23933676088197295,0.11412401115832756,0.09092226723789625,0.11189191331690125
1958-07-01,0.014516601719242702,0.05470482068209472,0.1056048823961437,0.008062567684592842,0.08525068977695988,0.17348276977469337
1958-08-01,0.045961471472660116,0.07675961168531532,0.03286810100190445,0.013768455832415207,0.01172928515675421,0.02508771805729204
1958-09-01,0.42123343073397695,0.3719855567749051,0.25111678450702196,0.1263225356080809,0.0838970483335566,0.04300523944798669
1958-10-01,0.7384852532622488,0.8035725212728049,0.5599652841012664,0.34758822970449305,0.22778539205152767,0.21833505898256975
1958-11-01,2.2778697827800936,3.06313338909372,2.182257726676221,0.9356004070897294,0.7276358788700142,0.6470521617097797
1958-12-01,1.4402315596084785,1.7587039768838113,1.3149299995130674,0.5564431748964447,0.47523599245032216,0.3960899814621636
1959-01-01,1.6206024541569068,1.9512615001946265,1.5683213317806746,0.7124276615133003,0.5027655864902351,0.8823860808383739
1959-02-01,0.6806257278554344,0.8228981025698359,0.5895963203854085,0.31842139225640903,0.22296793036188226,0.43142151925358957
1959-03-01,1.128232806120224,1.0261680860041154,0.7409746961808513,0.36646179027101916,0.24647653641783154,0.3036757590469107
1959-04-01,0.4933998248382334,0.6647277798320533,0.4754636358567348,0.1074568102660038,0.11269160481519372,0.033542606728390455
1959-05-01,0.2806651624056058,0.24440029070964264,0.15808475918225404,0.08207748980189125,0.057293718994678576,0.04890158030949822
1959-06-01,0.17756139395757292,0.40159694017790487,0.33256420584795665,0.05155711965246919,0.07132850115864738,0.09286693286630626
1959-07-01,0.0977331237665204,0.06563551806628515,0.02953850580738608,0.028280152839769732,0.023466540381994246,0.01094445901817798
1959-08-01,0.13014812455720517,0.12692883655103263,0.053013367642377476,0.02079620352618605,0.02455832381549962,0.004233830710473837
1959-09-01,1.0152236936164147,0.9007368034656482,0.612594996169107,0.3757329465164569,0.2087184962428159,0.24978123355915233
1959-10-01,1.081759381270432,1.1680778497968076,0.8179238446393785,0.40557288676522335,0.29310840820532086,0.3595956059420589
1959-11-01,1.7795534417184422,1.9176359418485978,1.3559667013086911,0.5534334135949595,0.4076321433501128,0.3518160948753924
1959-12-01,1.1939494579878576,1.1472063525102414,0.9342438627009403,0.3314276717236917,0.282549924815565,0.20447790188211648
1960-01-01,0.4102228828169338,0.7524474456244503,0.5604463618355168,0.1584429244249689,0.15462342446293786,0.24121081656476642
1960-02-01,1.0127196990594673,1.14033656452753,0.9764036868993651,0.5511768418030724,0.3631689813071725,0.5367174517945238
1960-03-01,0.761026674529094,0.8667523256272532,0.6301644886317265,0.32670275960172207,0.23415624117949593,0.3043483184985567
1960-04-01,0.4617064564481427,0.7315593282750137,0.7137195297906503,0.29030466692400586,0.1934411910166873,0.3030983329615451
1960-05-01,0.46224744241164767,0.7592702172241764,0.5910486594460752,0.22470733753865185,0.1719816132869589,0.2333626365596975
1960-06-01,0.1783332500169343,0.28634696030679296,0.2222753417241514,0.06492385171122823,0.06023924270155643,0.036645773688834586
1960-07-01,0.010543142170993409,0.02376162568156148,0.013173605270896413,0.007181549238868388,0.005745996736771891,0.014007126557937035
1960-08-01,0.18186259951091072,0.25526571573480045,0.13444508566038835,0.06984909885873228,0.05613141823169268,0.06176283592640948
1960-09-01,0.1382415069672665,0.18943053626838907,0.11520012818933385,0.0525924998268469,0.03411318281602323,0.03761247469367452
1960-10-01,0.6833347813680417,0.772108539961756,0.609543057425227,0.24191234910457446,0.19133950598698118,0.15207077792596224
1960-11-01,1.488067758616368,1.791311373650313,1.4270129732535588,0.7112358021194026,0.5137158425256364,0.7038853243033074
1960-12-01,0.5050226574682765,0.7164336003701961,0.556500025613326,0.2558311574930932,0.19355286602433566,0.30131420648889196
1961-01-01,1.1757880859139034,1.2997940857659438,0.9394317653488495,0.4095661897901977,0.29872420183233617,0.2262303632685062
1961-02-01,1.9505229298790436,2.60896860395205,1.9352480654058102,0.7891474131053292,0.6768720188627063,0.7701356514587671
1961-03-01,0.650570154303952,0.9456194371548392,0.647919800762856,0.37507104078586856,0.2366679298678456,0.4750920338583825
1961-04-01,0.5387155472925167,0.8286463379719305,0.7553926046379801,0.2574752311776688,0.23267205279655717,0.3175826174868535
1961-05-01,0.1984323795594767,0.4148799393220584,0.3010644087020042,0.10823019535294351,0.09563678185680875,0.21443432210164715
1961-06-01,0.12033950952690717,0.1751963810881352,0.13606669364237886,0.07542829667585353,0.04444241055134387,0.11966820075210576
1961-07-01,0.11843848890881646,0.10741328268706044,0.06687642584037437,0.0540550359900328,0.04328015620977878,0.057793129202724634
1961-08-01,0.11972093308611477,0.18985972380467162,0.11622715406733822,0.056838417847025736,0.04221523747337067,0.06112406931754292
1961-09-01,0.3019014127154029,0.2563535721622164,0.16440368257050994,0.09497662338120039,0.0639830383690902,0.022406253118017135
1961-10-01,0.623151371507488,0.7512384450328494,0.4543613489354945,0.21141624542679968,0.15583198747782087,0.11442938282623943
1961-11-01,0.8193070470017495,1.1314836625249929,0.8719507572527857,0.3561579239070227,0.297335447246368,0.3279219860501597
1961-12-01,1.4745275935279254,1.7654216881450153,1.3305547902353276,0.6391643889742185,0.502104115178581,0.5050862027162194
1962-01-01,0.9308382174304615,1.031233876527357,0.7386151776069687,0.26514014457142754,0.20471330022552964,0.09236178032859794
1962-02-01,0.3848927975189581,0.4578442078718261,0.3202042671771956,0.29157821220534696,0.15586016021378096,0.4254049481441272
1962-03-01,0.8344490486606261,0.7725453191394859,0.5454060134922462,0.2649848277507763,0.1805475952661408,0.18583122396353566
1962-04-01,0.7550797177394404,1.0407339844855301,1.051103804781786,0.35041936757693454,0.2535159706918593,0.2819260966053581
1962-05-01,0.286332874311623,0.5034930314540041,0.453702674320229,0.2301640799987448,0.14471839441841708,0.3429526586859344
1962-06-01,0.11271844363600828,0.2243814483694132,0.20488260186124083,0.06751179405406023,0.05453659252047634,0.06678594977418675
1962-07-01,0.11536807011231852,0.08642692089931721,0.034983828775635266,0.041992162099607384,0.02576823434500287,0.009578228533802661
1962-08-01,0.20384117467797508,0.32658438161962783,0.16430762881872346,0.08196862858539758,0.06436891475592968,0.10160357796315808
1962-09-01,0.3430586087172794,0.3761106557333791,0.28233269035522757,0.09298577792880819,0.07239537321044567,0.08763955501612229
1962-10-01,0.4788840960359547,0.6501481945987431,0.537425214278738,0.2756922724424314,0.17811773585902338,0.43633786314223694
1962-11-01,1.8444543642212776,2.472419507853134,2.05136298556897,0.7946160283609852,0.60646454690162,0.689408288851397
1962-12-01,0.9611597386797227,0.941116422272919,0.6672278664016742,0.3609176538468518,0.24130723615244995,0.21905498148952174
1963-01-01,0.3561001400162413,0.40824411440556024,0.34920642456536977,0.16391457587395325,0.13752693059575466,0.23213412782337414
1963-02-01,1.0974468360975165,1.143803186962175,0.9427808875623641,0.6463896055993904,0.4162142873608761,0.4629139177790567
1963-03-01,0.6268449083322503,0.8318278393271328,0.619725560638993,0.3419161114155041,0.24629959722331451,0.30680201148213426
1963-04-01,0.4496849809090668,0.6992616173067018,0.7474357888829896,0.3563862608108082,0.2189765263895763,0.5043670701848043
1963-05-01,0.16041149361569695,0.2847472017848081,0.24613805936388788,0.06672624768716534,0.0709754252268599,0.10746874514311354
1963-06-01,0.12425527094080786,0.2034113571701682,0.12965438810925006,0.06792354753569,0.048121355153137084,0.06426985522408944
1963-07-01,0.13746523678685124,0.20961891581851066,0.13494117280905985,0.07941218960471183,0.06888393734564964,0.19486008924259643
1963-08-01,0.09233691583282029,0.18963229563198197,0.16290797933176468,0.08228056469970095,0.07374463075721416,0.08864708460093622
1963-09-01,0.0991278767463573,0.152858596185406,0.11855149082969356,0.03182215030057756,0.02779351879623101,0.030816065973901175
1963-10-01,0.5051335649424766,0.5559627397165631,0.43135479209019184,0.19523429602974637,0.1498435106798477,0.12082355111107564
1963-11-01,1.0781622566709184,1.288092111880639,1.0805609826981242,0.46153176890380315,0.3625998649465411,0.4243068611295333
1963-12-01,0.8267049497156662,0.9877087151082133,0.7872605361035628,0.47882878627223785,0.2935323770917833,0.3754664036687825
1964-01-01,1.8989324011393447,2.553113641599215,1.7911888278479617,0.7133576179666127,0.5100408492653242,0.4225049636249196
1964-02-01,0.5840446142616058,0.4154003366498057,0.2061935246133672,0.15898962182398227,0.0981990030750834,0.02947385233399101
1964-03-01,0.9494009307166263,0.7504039853939884,0.4599495792599449,0.2415292181030095,0.1770102840806204,0.1095978419878578
1964-04-01,0.4374551480811371,0.48223125201851597,0.3567454890764291,0.1554164708261191,0.10258611543673199,0.07960639412179765
1964-05-01,0.18183950736206206,0.2177649497435105,0.13143505557118773,0.05924021151252431,0.042963535465316095,0.016975576139981043
1964-06-01,0.21536218628450574,0.44103329481220055,0.4000010218672971,0.13271960360340063,0.1348920891037049,0.31411925658613227
1964-07-01,0.07864146856050383,0.23222146260874924,0.10416102594873938,0.02685319427691663,0.033239176146753875,0.0432074860341605
1964-08-01,0.2243397086288253,0.2735965239021488,0.11456514009984253,0.06431927169032421,0.0505135006569408,0.045796207067385554
1964-09-01,0.3451363088640351,0.26057766185282144,0.14733147453094653,0.10621560864165834,0.057362182848762475,0.018846772877623284
1964-10-01,0.3714992708142438,0.36212375745369924,0.20433875181974376,0.1181114623750947,0.08062884752788341,0.08437167972756975
1964-11-01,1.0036244474690974,1.200748787872841,0.7611326325901632,0.36451481571591743,0.24667398020559878,0.3180264666308044
1964-12-01,1.37899952947776,2.1414067655837603,1.635550184495678,0.6787340753799777,0.5802485753136367,1.1221619082992251
1965-01-01,2.3469135882196897,2.382518423284714,2.045749200907553,1.1059372287372176,0.7900052253047176,0.7762938575941506
1965-02-01,1.2195628434383743,1.4092995798489454,0.9261617197005235,0.4558109528096496,0.39116373357436324,0.17985686609191795
1965-03-01,0.18881521128603904,0.17869309269164138,0.13800433982513333,0.07667242167701989,0.052283904101691425,0.03905466994621134
1965-04-01,0.4497784729080433,0.6880165855782515,0.8113500228920917,0.27915496455880384,0.2390169432786904,0.3213138690729666
1965-05-01,0.2755597814231577,0.3488370531542871,0.24743787083983707,0.09968865353043267,0.08421414218366935,0.021933584921404372
1965-06-01,0.04053892424610969,0.11497340971375862,0.1301577033985381,0.061370724396468554,0.05222100400168262,0.15238011943420743
1965-07-01,0.025997716117286813,0.1278089208681682,0.09053490012974143,0.06496897209183115,0.04463457950186032,0.12724024387335617
1965-08-01,0.24560409497770336,0.39386439760541575,0.24385938026222723,0.1706662644555037,0.11781755322066749,0.16156176388665597
1965-09-01,0.12943846344323082,0.17553677582110266,0.1107151988664971,0.03207202635014853,0.03173435729212077,0.012944507159103332
1965-10-01,0.34540898033687106,0.37644355048711525,0.2449145717916759,0.08385620402568078,0.0859818950340827,0.036142358305351
1965-11-01,0.8914284081441409,1.0611169954927606,0.8486514241071993,0.4661291237790099,0.36180788307840733,0.7201525123290136
1965-12-01,0.8008364319577962,1.2483097788758692,1.083974827485116,0.3816156176167558,0.36416458994137024,0.5058369034918611
1966-01-01,1.2826648816639774,1.459552863330377,1.250527858302848,0.5766113868091406,0.46367117465307156,0.6169231273790183
1966-02-01,0.8577103086952087,0.8593456522618631,0.5463668618766354,0.3494947515284411,0.25271749554288575,0.14766666899501732
1966-03-01,0.5564681256032418,0.9152248939431761,0.5886735741552888,0.21797281996382087,0.19948486026922913,0.27417659344576745
1966-04-01,0.19106726616509753,0.244607072621805,0.14635357520386494,0.04059409263677614,0.04755636980092707,0.005019344273071497
1966-05-01,0.23050934012476637,0.20488342954348587,0.15823023250801277,0.0969649496174262,0.06631186328581798,0.04857750981255295
1966-06-01,0.24667517612824638,0.28302249701139914,0.22285160670670948,0.10880001350372465,0.08042132513492732,0.11398348745739786
1966-07-01,0.16824720894961295,0.21690863553963452,0.180683636466415,0.13419265682127887,0.10902896589636785,0.2977471937255607
1966-08-01,0.04482206709905383,0.04837105348161882,0.015928678681008526,0.013502563126708323,0.011923757395410446,0.0010460634647369144
1966-09-01,0.07558904964916698,0.1554594338479388,0.13726463616797702,0.09284649623998749,0.04781142027808802,0.20520106917274816
1966-10-01,0.6217899272697958,0.617759929009067,0.40671538269961993,0.2497822205578954,0.17178662656653595,0.2080514940964942
1966-11-01,0.8341530814535617,1.202600248471442,0.8966900874760277,0.475625285131231,0.321117290904445,0.6869432820400085
1966-12-01,1.2359813712944492,1.4588913744654226,1.0539375292228923,0.45625414972706274,0.37656486935754035,0.3871988420879318
1967-01-01,1.8534953529800622,2.461155366315786,1.8805156793847517,0.6954805415028656,0.5875332920309918,0.550322196402157
1967-02-01,1.185594162700627,1.2441723572898684,0.7929087821286126,0.40520394273864796,0.31665150369233264,0.1270308831268698
1967-03-01,0.6705532260939101,0.7479667080374495,0.5073813295826234,0.24394897589215328,0.21932821831628602,0.3442277522608435
1967-04-01,0.3299144883346967,0.42678105165683883,0.5241999267534925,0.3371551399338165,0.19617450303674713,0.5577540291591679
1967-05-01,0.08403257655596692,0.1124261593652528,0.0837786410111473,0.04693991334468455,0.03781731357600872,0.10278064673567093
1967-06-01,0.06391740916824579,0.25639234528980553,0.2567435946319183,0.08671330973484487,0.09217733940747103,0.3587590967773062
1967-07-01,0.006963128448306673,0.0032318196243075344,0.0027548544356120774,0.0014249589850416748,0.0026829816098210262,0.0
1967-08-01,0.007678043994449848,0.006888503705437847,0.003446552329204428,0.0016342977422957197,0.0017486995574149456,0.0007804718853080106
1967-09-01,0.12128320435384683,0.15074044873147177,0.08595454013183919,0.04056383979917111,0.03181837417165453,0.034296951441237324
1967-10-01,1.4424542061898749,1.5490961992041843,1.157413869228073,0.5920903421955493,0.4376459265523834,0.4434971227939452
1967-11-01,0.751637125316169,0.8189608491298455,0.6332438065299186,0.29099580226095517,0.20702688620501827,0.23212740860251546
1967-12-01,1.2332648759557405,1.5584007872610657,1.1765973926955402,0.5371487805308954,0.40739297061111834,0.4106105535940886
1968-01-01,1.154280999606667,1.262494182474249,0.9417963161943893,0.5057820867796294,0.34527888588654987,0.49788617730646395
1968-02-01,1.178328180426321,1.5453771408221193,1.1523438800520343,0.48699407790875954,0.41063292334500373,0.4310938627233685
1968-03-01,0.5342408781289366,0.6257495064519903,0.4174350169332787,0.1569328713711534,0.14185260091345592,0.0887327569709621
1968-04-01,0.3723273055542017,0.438771241138743,0.33639354501489405,0.12079756150038688,0.09994691157498022,0.02681404072645709
1968-05-01,0.23263914566832408,0.2057213150051304,0.16157315784384418,0.11437819299754924,0.06866373033887514,0.09272922811754951
1968-06-01,0.3086938003450182,0.4316775946548254,0.34935266337457654,0.09352102352214012,0.08633451984697643,0.02639845239535417
1968-07-01,0.055731029161913706,0.054047952405528815,0.033277709853498365,0.01291396216400691,0.017074839523609817,0.01805051311917286
1968-08-01,0.30069340927402916,0.4290058733630278,0.3238068266728298,0.19442649062961626,0.14592736701797515,0.35963225048644915
1968-09-01,0.3998729445416925,0.39561032235257954,0.25056759119365346,0.11166967313174792,0.09220103669286961,0.06203984763562551
1968-10-01,0.5502086250299578,0.7740730878634526,0.5283347547211469,0.22430473658741243,0.18416007576005108,0.2801074474481727
1968-11-01,1.0103588459186255,1.4760026510936546,1.012747189339841,0.46093301779905443,0.33646535614556844,0.44597333002448775
1968-12-01,1.2353028896684601,1.6652094361937062,1.2791816974435826,0.6093117965606543,0.45864695870227234,0.5641316077469298
1969-01-01,2.568136660521982,2.293068363411578,1.9897759102022297,1.0520390547191465,0.8244210667693836,0.7711000593373522
1969-02-01,0.6645965319055922,0.8066262852975521,0.6533614180403954,0.3504234699316874,0.277385633155065,0.4192898361102638
1969-03-01,0.46729551783943923,0.5825733295401,0.4165561014341736,0.1709866680624078,0.14490652252652125,0.06472998715196131
1969-04-01,0.4661581202653012,0.5584996741208752,0.5380910679111712,0.24967620061818857,0.1710934585889163,0.1507750516321546
1969-05-01,0.1923613664218838,0.5249421031903442,0.4768115444416476,0.08390858414454422,0.14650912808579647,0.2130296690062556
1969-06-01,0.15810561105652832,0.25135780341388914,0.15897180818576298,0.05644097673903189,0.07391307818227981,0.09781810477746222
1969-07-01,0.04876977257903079,0.07228179896688096,0.03120126611598043,0.010350811926444077,0.018981033136612317,0.0023488994631683953
1969-08-01,0.05289579776628791,0.04177361810432498,0.019615393737391056,0.011225569361284384,0.01074908165525239,0.003992288138730061
1969-09-01,0.5577769461195113,0.8867957163142769,0.7282557334990727,0.20566662354349066,0.18523176948757483,0.19951638520489326
1969-10-01,0.2890382403600669,0.4487146467610331,0.3379132198971214,0.11303212461047267,0.10541897574939008,0.09637582529796482
1969-11-01,0.479353049256586,0.5587564979735078,0.45169594299683885,0.17018925763579382,0.15088524778751816,0.09138306576710582
1969-12-01,0.8631753582554603,1.373263270340815,1.1943004912976185,0.6391704213956745,0.4902928346635788,0.8253243013726864
1970-01-01,1.4727527829899247,1.8989891704258397,1.74152743536084,0.8658191463541838,0.65644247263174,1.1868940087633095
1970-02-01,0.587364355810342,0.7282772551569823,0.58712113773451,0.24996193339997172,0.20506365098640503,0.22736086679202083
1970-03-01,0.4546821022308289,0.4921695012997386,0.39183989254049967,0.1584266679108293,0.13373644608265062,0.13046526537926761
1970-04-01,0.6478426560011078,0.6616664707765308,0.6806529167336103,0.2499174327298597,0.19768570565085522,0.1364629476873672
1970-05-01,0.10682126017985269,0.19496769647757345,0.1349234096052686,0.09098570103170596,0.04881033115773259,0.09011682773413604
1970-06-01,0.07056812377241568,0.13052522778910428,0.08561856919625707,0.022676616485809632,0.03099475771694985,0.018947521467152815
1970-07-01,0.03433866467973998,0.05468137586062606,0.024317600699070286,0.006403334436957198,0.010769604141351112,0.01151044184766785
1970-08-01,0.020661985395228788,0.013187545106608738,0.006692331705163637,0.00845610870662524,0.006841941809387563,0.002714255656076242
1970-09-01,0.257745491835924,0.3444075532154007,0.24557065463653044,0.07202826143341809,0.06602961801965773,0.02211431271285178
1970-10-01,0.31845451684565135,0.48053202395393996,0.3411457585690343,0.11141767531620028,0.10861115560816484,0.14708625918259077
1970-11-01,1.0318769103547598,1.2346696991626875,0.9671210157237456,0.489785944022397,0.35293256350853314,0.4599065947396353
1970-12-01,1.1434306382874295,1.6674188335531255,1.3167444783069397,0.49549791701652696,0.45155730525037413,0.5490515134656353
1971-01-01,2.118090472409112,2.5973845572291663,2.014087628094416,0.8338923824658452,0.7071475252303941,0.6645890041317413
1971-02-01,1.0346208394235914,1.1657490096348233,0.7876527378885188,0.3103794287508359,0.28728703252443116,0.16534721063075294
1971-03-01,1.15830000161002,1.2830472125465335,0.9826295925365777,0.4791257405607708,0.338466838768846,0.5592008648895395
1971-04-01,0.15540905477067177,0.33555038379813634,0.36541886815963515,0.07849181679359322,0.09696642980240618,0.17087075729663956
1971-05-01,0.24168894476496566,0.37555520340995174,0.263257412052987,0.08467012090060563,0.07995052452839105,0.12206415849095537
1971-06-01,0.1654103546352042,0.4111958647939223,0.298370295163512,0.0781019483858694,0.080489398259729,0.07903256798902998
1971-07-01,0.08045406872493042,0.10996099977997706,0.05346258133132548,0.024146663212128595,0.027823027244702002,0.016421811284714094
1971-08-01,0.04515083052425109,0.06716313276850946,0.04401158340671269,0.017815997533310264,0.016104077181088517,0.03295333389101754
1971-09-01,0.2541789306769135,0.334456867955144,0.2571452109098994,0.09997568565455787,0.0781592652139919,0.1742957749431686
1971-10-01,0.5888349785327228,0.5956153791230864,0.41064273742519797,0.19837138404568136,0.15510122653504746,0.11448888855395363
1971-11-01,0.9733423741423316,1.1073025997306694,0.8704245344669811,0.32051677646465854,0.2940710367236159,0.3392344217977539
1971-12-01,1.7084973366375686,1.9961927610573855,1.5944728715798675,0.7204355820327799,0.5870030344638992,0.5956584013913205
1972-01-01,2.355017468740005,2.984256014434223,2.332501941781446,0.9807611503597393,0.8189167747869434,0.6748935391475597
1972-02-01,2.3487388767936306,2.579036815647088,2.0039605587706704,0.8237451241458689,0.7048310288220752,0.4141365749959212
1972-03-01,1.2907237534915879,1.615616118870586,1.2585379958623284,0.4678252849773952,0.4234943177466301,0.4080304600243202
1972-04-01,0.4878208462269787,1.0643158305596652,0.9724743088316106,0.12573478672012725,0.18721847044449774,0.07756871637763142
1972-05-01,0.12582282179520868,0.23199674299572354,0.20568008045213346,0.10170081135677038,0.07464585785734384,0.225948525671283
1972-06-01,0.27796463255183584,0.38269147232002365,0.3011229116782042,0.20600010950647601,0.12321615970793078,0.299941256432975
1972-07-01,0.1609948219181178,0.16837805661315314,0.10667129831858707,0.029500800416673734,0.05784953702124343,0.03090227199516665
1972-08-01,0.09324099458803063,0.10940952239861794,0.07993430007124419,0.06899864028206058,0.038890246880631044,0.09624972212099599
1972-09-01,0.5385054469308704,0.6185174435615058,0.5111445670505161,0.14611712540718244,0.14587299761230646,0.07794907931641609
1972-10-01,0.11722129111549771,0.15539798961603057,0.10621426248905877,0.026349932564221374,0.030193166903193357,0.016043537256756033
1972-11-01,0.7654578869718621,0.8716113930863423,0.6463667408024796,0.30110440692436435,0.21371035005212846,0.23900384452153975
1972-12-01,1.7074329378113353,2.1251184829591807,1.7245159610991339,0.6496383439961255,0.6218163526419277,0.5893125826198953
1973-01-01,0.7852485350717872,0.7717257012487119,0.7159352069106766,0.32192022419824606,0.23376293264276354,0.3244669615603232
1973-02-01,0.14755840620071917,0.27026552021397565,0.2139808641926724,0.05066762343115272,0.05378052644584514,0.08092881987079929
1973-03-01,0.3244550517227021,0.4236852989708921,0.3276120373137367,0.0868079685626938,0.08883035549583086,0.033370841841712594
1973-04-01,0.18003145843452345,0.24514978780937774,0.25818618249205494,0.06607934959491199,0.05641799605382047,0.026298028373188318
1973-05-01,0.2125547794496774,0.2735961814527691,0.241719946441788,0.06919170432803459,0.0634315738293412,0.0538158588138335
1973-06-01,0.24280312044380042,0.2842548970801343,0.23895965817377268,0.0901835489474338,0.07729680817352408,0.02968521371637365
1973-07-01,0.011151748615739128,5.681532335817581e-05,0.0,0.007195098504313824,0.0022943642725810906,0.002680366872726749
1973-08-01,0.018449478269921892,0.015271237398631567,0.009220994622418821,0.004402766446355724,0.0037003087001721137,0.003734197841904243
1973-09-01,0.20941831687250065,0.2861489691012287,0.2827233260626658,0.14627607274401327,0.07454931575838379,0.16950239846153517
1973-10-01,0.4398642188701973,0.5420372017714542,0.42175530193910243,0.22850130090476795,0.13758154861565017,0.37285783279314877
1973-11-01,1.1828118710261502,1.6462518918617632,1.4378847565953619,0.7558059201303162,0.4787500701638396,1.0395447313927761
1973-12-01,1.3890538019871388,1.58983059140366,1.3971059327612658,0.7758689495480471,0.5071863645779878,0.7928474635527057
1974-01-01,2.4752895282024694,2.555136365697872,2.0320594170421398,0.9797412532411728,0.7721115663969408,0.788748099780386
1974-02-01,1.2841281204340145,1.55739647956688,1.0986431666616794,0.436075956655329,0.39875392850292846,0.3613586831081574
1974-03-01,1.0144219153799616,1.4101038922371092,0.989851408031963,0.33938922912144764,0.331595166863567,0.39124345341064515
1974-04-01,0.49861293077344343,1.0863935297120881,1.0837334558112277,0.2734419612239268,0.2963554296739684,0.49628691851355955
1974-05-01,0.3309031897216414,0.6556041607782681,0.49677788870379813,0.1252359149528333,0.15129505282096237,0.17517683191003955
1974-06-01,0.34112793346324416,0.5266593503697096,0.4139769966554709,0.14060247988072325,0.1390090659903856,0.08870285324868933
1974-07-01,0.09609147595686834,0.2047282880633188,0.11410827635532865,0.026013829072596497,0.046392688881051206,0.08917371718067296
1974-08-01,0.031967329184270345,0.03942289267411504,0.02378165029439627,0.007975647733302452,0.012042593184753637,0.007332117847174457
1974-09-01,0.11438636559081794,0.06901172933473738,0.04558965183935858,0.023630938209644785,0.01891315237146901,0.0027828274105091743
1974-10-01,0.12609902089249558,0.16494607911523138,0.11814578359544119,0.06959093859789306,0.05303110624112039,0.12103738827961377
1974-11-01,1.1508068696773133,1.5125651941986848,1.1305994651010158,0.3807626564697764,0.36147093216435544,0.27641911503103966
1974-12-01,1.9694638408677199,2.5861013457541855,1.931924543229469,0.8020339719340047,0.7133489247349012,0.606632985850155
1975-01-01,1.9941097082590034,2.4133586602561254,1.9379107843927281,0.7853893982707162,0.6421787865068053,0.6866429719999343
1975-02-01,1.029238872818041,1.4123926048566804,1.0677967172118341,0.4053325983491847,0.36445759045177806,0.4241525366426255
1975-03-01,0.5580905121218658,0.834547392133367,0.5976341946951182,0.16841290915669413,0.17376543815932333,0.16490073098350627
1975-04-01,0.18994099213620247,0.3251275154205924,0.301658724627165,0.09500459486594393,0.07876378367809526,0.13171610820038718
1975-05-01,0.2287264837021206,0.3091128570524414,0.21382036547285288,0.09349199561610082,0.06733173480350096,0.0740153387995455
1975-06-01,0.1339123297358423,0.3138808197337401,0.2567185953113127,0.058736956998098194,0.06296019159365271,0.057602857719146944
1975-07-01,0.03958612689063746,0.08495624278417263,0.04694724827344813,0.025868064560538438,0.020695566854663908,0.03902986459349486
1975-08-01,0.34664636824599543,0.44205104815713964,0.2820754812437097,0.24010913957781077,0.1374987810469313,0.355707733988268
1975-09-01,0.009606272456979805,0.007817602311271044,0.00335903458019674,0.0015407990806450486,0.0016684175357402496,0.00010910622310832642
1975-10-01,1.0776270742401501,1.1809140261881812,0.8058946689801703,0.28286704319780975,0.25540698848211624,0.2530517022042471
1975-11-01,1.4136025542507993,1.604308613507833,1.1209133033797896,0.515334741451895,0.3941975041287529,0.2996213722922643
1975-12-01,1.9739054247679855,2.5636270741203737,2.0047384873276637,0.733237145000065,0.6689617348769106,0.4799888555915476
1976-01-01,2.0305709767962346,2.158841680304998,1.848466889229447,0.884593128998646,0.6757170304166432,0.507582775928224
1976-02-01,1.436859438066963,1.9973995900621166,1.6764176288330508,0.6947915647195696,0.6190593904872256,0.58513983351082
1976-03-01,0.8871790742427081,1.187549336496924,0.9270572123039558,0.27937083920414413,0.28774322348476616,0.25495731239124425
1976-04-01,0.3815179456298027,0.6471748606853944,0.7252888392043978,0.18167506414145124,0.20272536871687905,0.2478731659839674
1976-05-01,0.21079812474208195,0.2661244888024895,0.2028534321653834,0.09823478845340565,0.07540260440556862,0.05142073441123124
1976-06-01,0.2010568821038566,0.38539704801578245,0.30202002116127513,0.07643533054678375,0.08989898409298898,0.10715699980096308
1976-07-01,0.08178137997642432,0.2585695003362825,0.15651933733837053,0.058054979035326665,0.05941603006698676,0.10046515073235102
1976-08-01,0.3455039231006966,0.5684902115186662,0.40342930469044447,0.29569384458986336,0.19579062756824406,0.5036900393497048
1976-09-01,0.10266249855864876,0.13740741592372752,0.10761979050027741,0.03693777406097967,0.03198577110426646,0.029038136491517066
1976-10-01,0.3618107719979192,0.4734231670613178,0.36195049892423453,0.1142684195736496,0.11313662814453944,0.05334974448385122
1976-11-01,0.5654513346220811,0.5837203317307117,0.4142637706078952,0.17930037220650638,0.144538002148506,0.049697038076351376
1976-12-01,0.7711694118550907,0.6779331024135412,0.49434975110831336,0.27894489333073913,0.22350135206491975,0.11207725107378085
1977-01-01,0.3802985426511014,0.28657961753335104,0.21230521477421047,0.16310619810759008,0.0796202717677684,0.05694233046276182
1977-02-01,0.5866114214785807,0.515398719348469,0.37698874515352776,0.2460503557945438,0.14610954160982328,0.23778756763882322
1977-03-01,0.6617324225632817,0.8793970508425525,0.6192837535620069,0.23145181303691215,0.1997396641959792,0.18205828083321557
1977-04-01,0.13123421853574702,0.16943282448829933,0.15371805025297763,0.05450100394536442,0.03986477203127555,0.03236601524371148
1977-05-01,0.1960292685860493,0.34507718517444314,0.27937614326741533,0.11642647411722788,0.08700462808290943,0.2215624805942043
1977-06-01,0.0880156276991606,0.100217812745819,0.10210411104088259,0.08220926006177914,0.03756308137877433,0.1346498563902853
1977-07-01,0.04577702142738253,0.055021367460032604,0.04262718676565245,0.020463257807907437,0.02781823604855436,0.03458383659950601
1977-08-01,0.21900572637719093,0.2862144864553787,0.17380924278242366,0.12268465661035151,0.0744226988874047,0.2552436580035535
1977-09-01,0.4656566869820553,0.37134780864939476,0.29568234329166343,0.22726876101150423,0.10279419782733101,0.25039562881714733
1977-10-01,0.37884827142801925,0.37490763702884505,0.3367438649810422,0.10851526579101829,0.11138497978506684,0.08751178808444209
1977-11-01,1.5707909882676399,1.4656558948511382,1.3149273828100165,0.6200563035278742,0.45240096614947023,0.38119492969049296
1977-12-01,1.800351758492086,2.046886089127161,1.9076778914338248,0.9084855434859713,0.70081455980064,0.962560620032384
1978-01-01,0.6529997120440064,0.9012473609864581,0.795971894940179,0.49122770897071233,0.30082185620528656,0.7832119710261689
1978-02-01,0.5415807242991867,0.7879091496368072,0.6275708793583489,0.3165733399362144,0.2540143915357292,0.5010493240252699
1978-03-01,0.4751443543228356,0.45265445634943646,0.3746767749344741,0.25361454706214315,0.14930990656076407,0.22592026246564326
1978-04-01,0.5389121048193711,0.6947630464791538,0.7988212137453541,0.34053783829234774,0.2382745931899159,0.3449238071270678
1978-05-01,0.44085048447036845,0.6191198772013229,0.5714732922621358,0.17607389865585635,0.18804730720922708,0.13570292152595562
1978-06-01,0.19413415555225497,0.25311693009477104,0.23406284886400022,0.10238165985448712,0.08175086372454642,0.10806244219376276
1978-07-01,0.14868546873620278,0.2678866224227716,0.20227672631300156,0.10096447106366674,0.08839199776547049,0.21214942559890654
1978-08-01,0.2625877119272933,0.4683540881811239,0.3291033964609299,0.1087030717453388,0.13219712871948733,0.1585676043146362
1978-09-01,0.5798836142051635,0.3700932650749864,0.33072634114729865,0.2077447383951154,0.12686062913591445,0.14646531143752528
1978-10-01,0.18893777818716004,0.17525484167482006,0.142338880928254,0.0506667998793122,0.0515070989057205,0.013584411890091219
1978-11-01,1.163801835850441,1.11611752067706,0.9063347894452881,0.5300914943574262,0.37321553941303914,0.3626329448532084
1978-12-01,1.0131379435592118,1.1705606166494877,0.973681349201212,0.3618445808600383,0.37735656679032986,0.18071155805753722
1979-01-01,0.4609229866724678,0.4507909001305983,0.33403804314739005,0.24809204495364953,0.14901771450555834,0.31947546460260084
1979-02-01,1.5552563179325332,1.6961519060207255,1.2609907335378396,0.7077612757143187,0.5193949554321514,0.42491482184520946
1979-03-01,0.5482976156299625,0.5725123543068401,0.42211063710973024,0.20856918313715392,0.17197380178963112,0.16376707318242997
1979-04-01,0.4234581731270256,0.5188708689624233,0.47879723221863907,0.15067363390356325,0.14922475137564367,0.11124046701099878
1979-05-01,0.19473426046751705,0.23604528051028606,0.1867723896942726,0.0570199381062497,0.06471478804298009,0.03531338202766435
1979-06-01,0.161990898551437,0.16465029718031704,0.1385038958676977,0.050902402298835116,0.05318589548953971,0.07709468394976898
1979-07-01,0.15217303168471077,0.27255911037184843,0.16050043925288912,0.04711535529091917,0.0673983802027628,0.03750531268566117
1979-08-01,0.15593390348663003,0.2316733928469512,0.1549459676981843,0.10401870403837113,0.07119706020237047,0.17528075074968008
1979-09-01,0.19073235592501211,0.23299017161948227,0.1851510743613543,0.06329154557147068,0.060005442842365975,0.09194504873380295
1979-10-01,0.40956156271628863,0.6019847088116267,0.4401369231289621,0.2253638089873399,0.16471696211314804,0.3416301059868002
1979-11-01,0.2582755115698416,0.4251776586100494,0.3057828743790319,0.25640889006190554,0.1312952203420704,0.5339026598531134
1979-12-01,1.8024576757742612,1.866900666524966,1.4055826974363617,0.7335309464786495,0.5600886379182307,0.5640961849797255
1980-01-01,0.8433933965305576,1.5469381396360509,1.1278165548528403,0.46658143195704266,0.3744543860910741,0.48831021196115837
1980-02-01,0.7870188376831395,1.4803008307896293,1.0123305762520738,0.3756434270909214,0.3417987202128446,0.38428334267820224
1980-03-01,0.8159668235589993,0.8429711934039354,0.5313510659843174,0.2268955348199992,0.20384119563626418,0.10605294711092546
1980-04-01,0.31051712918731916,0.4937882686426271,0.4550441484642925,0.14917280222558688,0.12162104556241911,0.1825019142297666
1980-05-01,0.14892637636726322,0.22177756981289828,0.14939916493957217,0.07963674347215141,0.05467243061340039,0.15487529806219383
1980-06-01,0.34740196887436187,0.4448377891686301,0.3408230430478716,0.19480992871409925,0.13202724715416894,0.24958570252684043
1980-07-01,0.06287557196716377,0.07112523948825482,0.03325280336591239,0.021546157769574196,0.018928745794140764,0.01714713383579302
1980-08-01,0.24298403527220244,0.19627030415379196,0.11046611863249155,0.07781557249189447,0.06012469499243988,0.04531434042836405
1980-09-01,0.49048988694252577,0.3297467046514289,0.23989866858257877,0.16979487488352127,0.09276485905012014,0.10854420769328234
1980-10-01,0.10922428547755446,0.15574612287579295,0.10830069927499407,0.07153599844073662,0.04264337815895201,0.0770813966690322
1980-11-01,1.3477043618673024,1.8881074827055042,1.3040873869823093,0.490023596024214,0.42486422971011645,0.29927463310425595
1980-12-01,1.513769604852855,2.270490102010936,1.6358438719906006,0.7570921232411132,0.6150412420336546,0.7478379614672621
1981-01-01,0.23821855997315794,0.24708088438602327,0.2060661404194046,0.17884996776781903,0.07842309082762887,0.2380445841743453
1981-02-01,1.3184209161258025,1.313670132569392,1.0866702895945535,0.6050439489231146,0.4131350269828407,0.40602343463045376
1981-03-01,0.34279414952163595,0.39092042013613865,0.3018891444690137,0.0929694675461603,0.1022121200704016,0.055047277810270724
1981-04-01,0.7045876958335626,0.9082521965440241,0.9226189731417048,0.2922776549723347,0.2612609074402306,0.12165185170565455
1981-05-01,0.28517759931344516,0.2851227445441555,0.23978043206401764,0.22561066267645843,0.09943445101459782,0.22622201516788915
1981-06-01,0.4872556334750467,0.6800330584155956,0.6151736946959154,0.18454714070206196,0.1849347707115757,0.15657802584011946
1981-07-01,0.10782131390770346,0.18396949671418944,0.12214565612153447,0.06090078886385815,0.05261933391711517,0.11085730047300837
1981-08-01,0.07123575795035361,0.04049899798575369,0.027129011853561338,0.049391016885076224,0.019652143159449187,0.04508759125275107
1981-09-01,0.3177708764445572,0.3010286691860136,0.26073497793606537,0.1387093544027892,0.08723659906163372,0.17718594854331038
1981-10-01,0.48308527026101766,0.621846601115224,0.4854195172440106,0.18796778062723551,0.17312377951880087,0.30307588656492096
1981-11-01,0.55495290122202,0.7156343298845139,0.5725643256185171,0.3426183149713305,0.21168062395827156,0.43341707893964815
1981-12-01,1.0986833233469944,1.6473874308437595,1.3296362048102952,0.7000666942146762,0.5200634244884185,0.8018656942200828
1982-01-01,1.8115019321853199,2.212694073913322,1.6806014994740186,0.7324814466223236,0.546490246437682,0.38725337894618633
1982-02-01,1.6856845392013198,2.119310252991726,1.572461888189893,0.5926060230651534,0.5182546031977756,0.5240612592052575
1982-03-01,0.6882553732597143,0.8407875372391179,0.5933583711568147,0.22054342908813057,0.19778199765563273,0.15533440099415294
1982-04-01,0.3716149639002524,0.7766490807377007,0.7375906567404475,0.11054227389215705,0.16872760990682137,0.13384192525807687
1982-05-01,0.18907170789041014,0.1377656813376916,0.10591942080219068,0.11852747304099508,0.04790576769013397,0.09493354801692841
1982-06-01,0.0933465852197513,0.17950857174855883,0.1411248773907282,0.0909877738798933,0.052501340684650434,0.22047153330565003
1982-07-01,0.20847009343897915,0.20542792490727854,0.11447063518413798,0.10242024544669301,0.05927544856474116,0.06138593546487237
1982-08-01,0.12578349505594158,0.07135641642505303,0.04462372566168374,0.0365896984480946,0.023098046474997063,0.0570077802150899
1982-09-01,0.48267082052650045,0.4062984688488297,0.3144854506603869,0.22574434112104436,0.11392830876234099,0.25586575405331896
1982-10-01,0.6078214664573226,0.9316681681911144,0.6437871645933859,0.3149310834360717,0.22529954771641367,0.3836783047297516
1982-11-01,0.671700587939187,1.10407531524373,0.7841063366240869,0.288758620199627,0.24635973029420602,0.294511834410782
1982-12-01,1.0621216656213637,1.6026584444971799,1.1652324062558572,0.5092212652592162,0.39610568446890204,0.5886270222203823
1983-01-01,1.5723874942658052,1.6105955367913352,1.4352417151139436,0.6486500215635727,0.502443599659344,0.46462918131078845
1983-02-01,0.718529360064239,1.1599327468786655,0.9598590194602004,0.3666382273521401,0.34539358833372275,0.42834620536639256
1983-03-01,0.7253829277112301,1.0535844135875425,0.8734723817677251,0.42673600881092383,0.3123381967516722,0.4717712850319193
1983-04-01,0.20810633958010344,0.267673196565963,0.28623547406662647,0.13907316150619053,0.08835175287554523,0.15487131647336622
1983-05-01,0.20098551283821467,0.3844466859107688,0.33402274631917267,0.07116169721452933,0.10388156499437773,0.08369220015934076
1983-06-01,0.2704396684241949,0.42448884190675573,0.40142372767689627,0.07897496244071128,0.11442121036039375,0.1043020218458686
1983-07-01,0.41775052238389243,0.45701458734578715,0.3096009490065041,0.14237244327889162,0.14206374127018392,0.10740452654824541
1983-08-01,0.13876203744554433,0.18155371778130255,0.13550935986839494,0.07898655558120288,0.056436957499577646,0.10708543867959128
1983-09-01,0.3605152458119451,0.25760914652465516,0.23477397565827388,0.1520529996760599,0.0845253348920045,0.09016198886239761
1983-10-01,0.24770948194739556,0.2557319328956183,0.20533154263345577,0.060742969023838154,0.07235643141770357,0.06831601343584376
1983-11-01,1.5494784431106423,2.2438969406987215,1.8408640626380384,0.7498630660990546,0.6174490103230821,0.6399811470187319
1983-12-01,0.7338390635727738,1.1197328050428796,0.9449345830242842,0.39247885756757367,0.34624355051037775,0.39703074277202216
1984-01-01,1.3267545684286175,1.5610279555717985,1.2757762582301237,0.5235413226107648,0.43132963855218365,0.2300506820008101
1984-02-01,0.6477950456405387,0.8540690809462336,0.6576198784251687,0.27367440091412537,0.24600722655816357,0.2784391086313267
1984-03-01,0.7615056766305655,0.8442765067182848,0.6461855786488824,0.36398324728021597,0.2433500271874722,0.3695695073308172
1984-04-01,0.4287565200311041,0.5785374176594845,0.6090962659447627,0.21567387667423737,0.16685936682035457,0.2929314946233364
1984-05-01,0.6135561441876682,0.7347055809062377,0.5999961698217254,0.19746515312048635,0.20057436995786967,0.17727300523535064
1984-06-01,0.38926284281253526,0.41107857468957026,0.3632780664550596,0.23774544099792147,0.13325227705529738,0.32610636120320374
1984-07-01,0.008351180726141811,0.0003545861320926347,0.0003081274047817052,0.0042903386397194695,0.0022258645397398324,0.0223306065102769
1984-08-01,0.07893938779779962,0.02780003800530719,0.018503093084520635,0.02493714191261433,0.011746212916920401,0.014494569886528856
1984-09-01,0.28411973238419463,0.2305289987674218,0.2032714468067911,0.1650620574731384,0.06923385367434348,0.15176182222736187
1984-10-01,0.6443382571558608,0.7429133358423682,0.5729096027304117,0.22916537422542782,0.20369811835102636,0.12583945930333973
1984-11-01,1.0772823253338935,1.5534372492120485,1.2126677163006598,0.5267529138309486,0.4036728096324032,0.6925604042619733
1984-12-01,0.9370511527521899,1.1430711579905786,0.8992330640065955,0.3547948977009234,0.3296398527900713,0.227490940229272
1985-01-01,0.11759315460517536,0.1441035858084924,0.11371679343769775,0.05780232742846001,0.04103892513696908,0.06089832616109203
1985-02-01,0.8866840908248541,1.3387434668763718,0.9738045633807053,0.40563945907856175,0.36949975141636165,0.38049172682292537
1985-03-01,0.6460318235840014,0.8754029029775401,0.6263221789520143,0.3253383487320971,0.24528297635892982,0.3185877858775547
1985-04-01,0.6565513233286349,0.7379725134124452,0.7271670285981114,0.2142495187458749,0.20826969296103234,0.09664355959317215
1985-05-01,0.2682558852174022,0.21496446874343078,0.17163286297295952,0.10739856837501903,0.07131738484058006,0.1440560058440153
1985-06-01,0.3821348874401133,0.6626521947349059,0.5741240057149761,0.16825345691395835,0.17176664388216806,0.18367473328392256
1985-07-01,0.017517964411994994,0.024735885813644058,0.01544146014704456,0.024288891612675226,0.010917881831909611,0.04483634877690276
1985-08-01,0.08547982066182394,0.12738116898097313,0.07689058153582026,0.02466030239579322,0.030107863274802315,0.021590384393089426
1985-09-01,0.5665977438204556,0.4330714830934318,0.3384148933162967,0.26117181322949123,0.13567776306250082,0.2940547318050734
1985-10-01,1.435201169167161,1.1747940936222734,0.8582035129018638,0.4642814924405611,0.3417648108987104,0.3321394729710602
1985-11-01,1.3836163187944188,1.3432372585842887,0.9805457727902116,0.550837561127405,0.38482317030004387,0.46225236831660793
1985-12-01,0.23999171265172403,0.5145039367081999,0.3765642322543878,0.23765065437533708,0.16117823355847222,0.39451902558979557
1986-01-01,0.8665072135013908,1.2503883606741697,0.9702949929499761,0.47880002398162025,0.3559153214769277,0.5838632017493195
1986-02-01,1.2557473976333378,1.582384910486068,1.180101929589195,0.6739934914249224,0.49204997573674814,0.5651333708200634
1986-03-01,0.5317100519370626,0.6370912946613059,0.4576664307406314,0.1826445753072149,0.17868909394658658,0.18704561030671857
1986-04-01,0.3581529497823837,0.48054363111316484,0.45877718818842816,0.12882015193886803,0.13594875404463072,0.08363059888681594
1986-05-01,0.3487261370023279,0.46741583634941913,0.3801972884069661,0.11061685792084933,0.13178651204508252,0.2277870263842081
1986-06-01,0.11678097514563747,0.14990518554189686,0.12591110377053677,0.0568150676734462,0.04467036621934845,0.04492056946277278
1986-07-01,0.15370878123073584,0.16121979203016543,0.10334869004808488,0.05325226221516984,0.04955677547426402,0.0757517661418419
1986-08-01,0.025934913831136306,0.033043956483297394,0.019751724899545426,0.02549777572975527,0.012438826737611649,0.0263866178573656
1986-09-01,0.4059883662535063,0.4375351434739704,0.3342537519747472,0.30718799903461114,0.1366403252929938,0.4180442554437397
1986-10-01,0.278160124808159,0.44384765840457113,0.31577842499571296,0.10778933009200445,0.11366969984898584,0.15018985084164277
1986-11-01,1.7309966450060512,1.8934497046673673,1.3781039978973408,0.633843860807014,0.5259828018420132,0.3816242530928013
1986-12-01,0.5436012768208424,0.769482815357897,0.5807902299161972,0.2561516232584257,0.22429667868867872,0.32492959641681013
1987-01-01,1.0263917720272644,1.1879942040207165,0.9414408606374066,0.5059354621568536,0.3854202701930504,0.4670249267382763
1987-02-01,0.6407253083872392,0.7334931862915802,0.5405706332225244,0.28366325678785137,0.2417716723559789,0.1724226536049672
1987-03-01,0.8147256116627837,1.0790268883692713,0.794630032301046,0.2990598443980328,0.32385142963447255,0.4615148873510532
1987-04-01,0.47397462531360546,0.6033094220370926,0.5943745466761399,0.1810640255465213,0.19390604920577817,0.18514951035921032
1987-05-01,0.3560094934893585,0.5491826000350779,0.4294146404276787,0.12844070567058932,0.15881697946485543,0.1120441966333823
1987-06-01,0.0895093758825318,0.08401383692326198,0.07255192029657741,0.05254078538069774,0.028115056757306345,0.031218156406904937
1987-07-01,0.12657352311519807,0.24641463441986206,0.15503614611350414,0.10741932019845352,0.08047367031415915,0.1661350392087525
1987-08-01,0.03684405134169857,0.051876990624075005,0.029160866113183217,0.010201012258858728,0.013583275586055717,0.019489970514051085
1987-09-01,0.1159675644782681,0.10994885102488125,0.07964702331389081,0.026640132812524784,0.031592979768873826,0.007917107737903254
1987-10-01,0.04008788563411011,0.03602463377388269,0.025969833135231258,0.014060265352511047,0.011793021168250203,0.00818551739308396
1987-11-01,0.6766178692549876,0.8887254429533782,0.6322634999165809,0.3066152872792722,0.2697837807157169,0.24759532380836782
1987-12-01,1.233249181269165,1.5725581313273713,1.207746643785773,0.8298071321401226,0.5514624406111903,0.9891117334399414
1988-01-01,0.703791067665031,0.799537232563083,0.6527929224983875,0.289985950231672,0.2387017454235356,0.3356131548937507
1988-02-01,0.7695615135407968,0.7092347294897863,0.5239732585304381,0.303621504331309,0.22936340885624845,0.13060442690291674
1988-03-01,1.0499169487148854,1.0895791446922103,0.8325449890263283,0.3373443166876926,0.30501586252272056,0.2405563875693157
1988-04-01,0.5921127251943502,0.7227817885584386,0.734712163520175,0.27014576964612647,0.22034686057893269,0.515151203931664
1988-05-01,0.3305985167662493,0.45300109705781477,0.3748152232159452,0.12088981659839261,0.1255278771041776,0.14088943404133916
1988-06-01,0.15145461068428215,0.1670377143781097,0.13983610512933245,0.13720476633529718,0.05990512459293197,0.2820826933535736
1988-07-01,0.12485910263021621,0.08950202345950672,0.05600347733950019,0.02818174442263587,0.029205579511831132,0.01366653402091291
1988-08-01,0.030887961439684582,0.033312463926683675,0.02051243672896468,0.013734069528183188,0.008730001731701484,0.01154718944183922
1988-09-01,0.34598416617938005,0.2517843760032538,0.205033701519243,0.11900161051584975,0.08414221845422648,0.1119888496500941
1988-10-01,0.6317889989066219,0.5139635740400401,0.36287345655087544,0.18405481808102012,0.1507900178084762,0.08939787410874651
1988-11-01,1.6376629536858907,1.829399214941961,1.4012852603248382,0.7361433877581144,0.5308184143164815,0.7022231101143503
1988-12-01,0.6487157244187318,0.7920244167247418,0.5810124979986158,0.3017687847574842,0.2355007253350491,0.30079584877758064
1989-01-01,1.6879180409196948,1.6998773767471134,1.362629926797831,0.7069376412893509,0.4958333334613283,0.3882247430343767
1989-02-01,0.4386196538472703,0.7167958237688052,0.5622057143367621,0.3462767081615906,0.21110132750001637,0.43962277071442896
1989-03-01,0.8495488704277646,1.1653165403350962,0.870015535664079,0.38851702138406885,0.30461474476915634,0.5356480853226444
1989-04-01,0.5551276373441189,0.4597290885912058,0.4864291366910318,0.24898326228603443,0.1358938010081477,0.32873163106165226
1989-05-01,0.31351787680734905,0.36988569541004246,0.3058637687730756,0.13689247837569218,0.1000824785966419,0.21872279097401004
1989-06-01,0.15914953343595117,0.22715915938784634,0.20046486597935143,0.04282621252030921,0.05137356486858692,0.037824779013471845
1989-07-01,0.09547750807284917,0.10294792690300303,0.06163530591631574,0.030606581087410892,0.027051446271961002,0.020141942005369347
1989-08-01,0.14881529438849747,0.16093766014166772,0.11147054891395873,0.048194203645419265,0.040541405690812035,0.08865670448046123
1989-09-01,0.0824662576901117,0.06714183915383874,0.057097888650103255,0.024980896190929584,0.017374982936044923,0.01699448320111902
1989-10-01,0.5906755204593495,0.38935049237746927,0.28018373097277793,0.2541316827447365,0.1268729478713264,0.2286299463534181
1989-11-01,1.244820453978953,1.6342849988201438,1.2430620118451285,0.424299555162749,0.3979836379546933,0.3943513346272941
1989-12-01,0.8363360722144807,0.9063876419118666,0.7395843619738116,0.25151167321460927,0.23832394683981867,0.18793319786722393
1990-01-01,1.8519166190277911,2.179088198671348,1.6435421944872015,0.7805801625771793,0.5592251109720761,0.7011250744822111
1990-02-01,1.0928538321741237,1.536127261040256,1.0943801437694745,0.3714314450458671,0.38000692396145336,0.24073003502645265
1990-03-01,0.4893128473016817,0.42071416571599485,0.27816759270181124,0.10364440731899523,0.10330509763181257,0.09481213792395436
1990-04-01,0.41294096805885927,0.6883149490022278,0.6364301665205226,0.18412771995647914,0.174890485416428,0.16389346590317713
1990-05-01,0.33920698398650884,0.3663743152072974,0.26165538890858464,0.22246001747559788,0.10616306053448184,0.3403802826874606
1990-06-01,0.4047377445460764,0.4962622185384131,0.37034289773921236,0.1579682586083022,0.12022088399526175,0.16630986695638195
1990-07-01,0.07783351887609138,0.12219335719682578,0.0721951357197782,0.05141075939141921,0.033599420179462304,0.06720025818646179
1990-08-01,0.22613643020942029,0.23937070124361423,0.1400361484498787,0.25742312792787725,0.09122152708019193,0.4489752645546782
1990-09-01,0.03817241316909304,0.023117896448404698,0.01574850486428637,0.006741578225957264,0.005481841525476833,0.008352432071400937
1990-10-01,1.1217390746645715,1.2007615168384416,0.8068088037481449,0.4148365801271692,0.28814087507959824,0.28313981067879784
1990-11-01,2.500118570603856,1.9018091207581682,1.2975732195186036,0.7244273421730256,0.47233672849414415,0.2744736106419698
1990-12-01,0.9281459286069025,1.0241115843265496,0.7087618537827506,0.24870903323652727,0.2598151315569053,0.21335058580574426
1991-01-01,1.001019107556822,1.0987953385892608,0.845653427502288,0.37461972967667856,0.3032068462506447,0.193981844279618
1991-02-01,1.2241710947656752,1.3532245814297128,1.0363851820263725,0.3230429481274219,0.3719532425161212,0.24565721884550692
1991-03-01,0.6627935786624364,0.8572249533409004,0.6264135203835111,0.33456572157400427,0.24470919186769607,0.38647413612182013
1991-04-01,0.7188447395442348,0.9791963967316589,0.9975479607607749,0.23655478769176286,0.259390001617026,0.22242293364867616
1991-05-01,0.2931001752221405,0.38285713912562647,0.3122739915704732,0.163732775493767,0.10630636858931791,0.11568730410156261
1991-06-01,0.2655645638886291,0.3796683167632547,0.3357206501857445,0.22171046147028006,0.12882429036079154,0.6285373269922662
1991-07-01,0.05331525785234975,0.06475332778584499,0.03856020420960917,0.06685675049703452,0.02701994231327928,0.11097173241858889
1991-08-01,0.1612456374240744,0.11926594243368135,0.07303567471770428,0.07711647686381716,0.03844136549519589,0.03659080597765169
1991-09-01,0.03157647004097346,0.012852178226511699,0.01006574426612113,0.008413514248252799,0.0038024621137877357,0.009931024716930935
1991-10-01,0.3481373698658623,0.32689648826874473,0.23848559429055638,0.15331173492808411,0.09882602550966728,0.2185288275907947
1991-11-01,1.4529455140269862,1.7148423407322835,1.270345494200161,0.6488693413014643,0.47384621047811837,0.5388561780161585
1991-12-01,1.1440291563607534,1.178348219233051,0.8415335118836602,0.41131915363790794,0.332991512639994,0.21106363850389853
1992-01-01,1.1880698752561376,1.2632822753267685,1.076776553400687,0.4243527265530687,0.4196642558465949,0.22860316798725142
1992-02-01,0.5061731021569276,0.6384608154358978,0.5136687849418319,0.2960768352117052,0.2307474762939867,0.2861003637057202
1992-03-01,0.1502153625264785,0.16579025840551762,0.12895388592887325,0.12806196080742846,0.06654924946907338,0.12272113198501736
1992-04-01,0.5913932449777007,0.7472842423770192,0.8155672702537735,0.3122639900736512,0.26895152757162616,0.3564017988832234
1992-05-01,0.11597715854292505,0.07164939722990125,0.05869058728639804,0.021771433845047025,0.0263459597151616,0.01860129624396477
1992-06-01,0.20710831155036108,0.17008909218259502,0.15312098942473581,0.1953739169739825,0.08066614911672504,0.26608114260133614
1992-07-01,0.12935396751926048,0.16078115204262278,0.0997817815137619,0.09730167978708172,0.06257783970234373,0.2363232687825816
1992-08-01,0.09544789407138632,0.0574340894689726,0.038447319295327104,0.03602797873835964,0.024898212126413424,0.061033711671666734
1992-09-01,0.3903353677620603,0.456419860594646,0.38458986114765586,0.09526816564498067,0.1335053591561352,0.09666988114022715
1992-10-01,0.25891963877781343,0.30545577979663247,0.23853315595523233,0.10416083507237804,0.09967645709536044,0.178855058143987
1992-11-01,1.159868862481864,1.245389998640977,0.9851176162725466,0.561658501014403,0.4337309328438375,0.41924640137524954
1992-12-01,1.1149152474312198,0.9987846466419894,0.7611980480912418,0.639981808190717,0.42195512979975175,0.6052825360050518
1993-01-01,0.8205543097268183,0.7109020166783488,0.5554146726452712,0.4041098738446389,0.2614569902200447,0.31798658403091395
1993-02-01,0.0968163295052018,0.08591909613983843,0.05419415234348912,0.10782145484750907,0.0452588894996086,0.19591326508094298
1993-03-01,0.8362595435205964,0.8957982911353162,0.7189232956026941,0.3028973442720178,0.30217755827363785,0.30381051268329756
1993-04-01,0.6575894174143121,0.950985782220568,1.0140432114506255,0.29264194954262324,0.3095563079268025,0.2984032229122326
1993-05-01,0.4065903693226013,0.4018301565203812,0.34516671362854673,0.1784906925881839,0.140503032220819,0.1680584376123402
1993-06-01,0.5115167794348179,0.4023972910914569,0.344221632073293,0.2966198361547369,0.1676959084077501,0.2541699380465332
1993-07-01,0.24394122325600673,0.4027058159259304,0.26529311544198936,0.11156336011315224,0.12929031713014816,0.22687055752510987
1993-08-01,0.09374911396633541,0.05304908106281595,0.03214668278097885,0.03406859908682529,0.020855379616422743,0.03341988106570083
1993-09-01,0.05498451831674756,0.00030680050179024746,0.000288420122999111,0.01300320814545579,0.003941676577684591,0.016465448982169006
1993-10-01,0.2918971311326322,0.21773384172138482,0.164886911578334,0.08616088708076171,0.07231271822636516,0.04670525684183848
1993-11-01,0.68065482628349,0.6671290200190468,0.5089560650011853,0.24866000646478262,0.21967268049929806,0.1285297028432353
1993-12-01,0.8131185364103801,1.077189751040786,0.862087949642425,0.5069820383397194,0.3928143166469166,0.4582562469083186
1994-01-01,0.8175404918133669,0.7649144835246509,0.6238794012765179,0.3693439351485239,0.2769806115275582,0.21070451786179056
1994-02-01,0.9742003923968354,1.0045834925526045,0.74174320712234,0.3426726277969328,0.34149147202697533,0.31294416954903687
1994-03-01,0.5424924486682826,0.540540485596103,0.3978647556678308,0.11355302663990399,0.16568281127686146,0.07457773862483129
1994-04-01,0.3522374832225645,0.2564268805598623,0.25956913209108645,0.19061245677696342,0.09182825446772881,0.2592983300796737
1994-05-01,0.19688844589191332,0.21032985496373194,0.17988160583540203,0.1172703708655659,0.08041549932904696,0.2315176095658485
1994-06-01,0.26929669361163355,0.25203991064259895,0.21776535706886724,0.1267703365109661,0.08395597525194427,0.17098691115381512
1994-07-01,0.09451875946651979,0.044392071576763836,0.02460089192918791,0.11349575615628892,0.031088672251655937,0.06487526441997726
1994-08-01,0.04416715542894728,0.024123059793201878,0.015145972083476534,0.033999371111826306,0.009997703103123427,0.022690831938588826
1994-09-01,0.15942607128624825,0.1914409216370486,0.14568054200647884,0.04411732174384497,0.05598850633089782,0.04878561641235378
1994-10-01,0.7680765342175155,0.8607830406833074,0.6670253979575642,0.48221454505283207,0.2973182111903022,0.48707576560455634
1994-11-01,0.9650492284300766,1.2676706209573292,0.9481212847059425,0.43674676605670854,0.3930163208283168,0.3436693687142944
1994-12-01,0.9580597638226657,1.2446248800276851,0.9471098880564666,0.45392777554710284,0.43803302484370815,0.44708707417122767
1995-01-01,0.9813122772064579,1.253104447030975,1.0042719009959447,0.5632034095511306,0.3983411749187687,0.6082745888849713
1995-02-01,1.1954004035353871,1.349296079436862,1.0391580157233617,0.3723475915722559,0.3860107737679538,0.15473464075447793
1995-03-01,0.7871943984220507,0.9000737514153332,0.667052203945141,0.2807330826548908,0.25351519904591463,0.268915431013154
1995-04-01,0.3942537675435454,0.5463064940989979,0.5590016751968253,0.16094870188190455,0.15909192334303918,0.33471867011778644
1995-05-01,0.23931746222027386,0.3143409092648665,0.25749415788398566,0.12084386558210185,0.09189166873205058,0.12219027889328356
1995-06-01,0.2840856663153782,0.40871503190178454,0.335662264527634,0.10106935509997943,0.1106917807966941,0.10670590025617208
1995-07-01,0.18227678545628903,0.21193319121078966,0.1354432284173158,0.10216402909704164,0.07249044437762199,0.1315631219162195
1995-08-01,0.21974096138636826,0.20149976513080609,0.12559932703334872,0.053230885818627324,0.052975992069320924,0.04069427471176637
1995-09-01,0.24321226270106397,0.3034542588312127,0.2570836587573776,0.11912767032357749,0.08646708870888581,0.14260632738033827
1995-10-01,1.0481656608418228,1.1270084752416611,0.8451876870885784,0.3147725916482866,0.306560978295088,0.16022213701806173
1995-11-01,2.5935558949667947,3.382965693179925,2.6330172153271856,0.8864900714175764,0.8856090716903077,0.5208558648879352
1995-12-01,1.0903337367755388,1.7185109728863666,1.360944520428124,0.49424391705645937,0.5097388958890551,0.473847562168321
1996-01-01,1.1849066924213891,1.1261776778634907,1.0103185768844671,0.4944086767526241,0.34310876089575765,0.34909293073444886
1996-02-01,1.4859700166737064,2.0072897408498873,1.6356330220467368,0.7546566604277953,0.6189847802352954,0.5351415588057414
1996-03-01,0.329549871163327,0.3849202152826491,0.29619518974520437,0.145851629580614,0.11307149103580816,0.13328713156402244
1996-04-01,0.7021516935812085,0.9747441213334475,1.0534097301499317,0.25551659366150703,0.26733437472646315,0.1456119043246593
1996-05-01,0.40325127537193467,0.4267994656356765,0.3719256434897888,0.15833499024679945,0.12500965061291128,0.18365149697839928
1996-06-01,0.09435436690691314,0.1151947294005956,0.10680879226510401,0.06758488391414529,0.036533769752459117,0.047729968097348086
1996-07-01,0.09427610388337733,0.18803886133405553,0.11790389085069998,0.02545592053221646,0.04942424947679695,0.0624873423256448
1996-08-01,0.10054839728704965,0.08852787181089891,0.058395501928763506,0.011020204668197286,0.020424359116705915,0.011740439415843856
1996-09-01,0.26712305552494253,0.25739772115598,0.22186730141991706,0.06814203522982526,0.06601583421286479,0.06407690371127225
1996-10-01,0.7634500988459553,0.7285208410065699,0.5867680226953748,0.25446897153400805,0.2001579197333033,0.18887782268989745
1996-11-01,0.962227387129364,1.2570454963551583,1.0451734097126366,0.40629588387844157,0.3399761164268751,0.45423405370029285
1996-12-01,1.4084838789856367,2.3751046236529043,1.8808971637610528,0.8977996723645392,0.7507372544221231,0.9833242237609987
1997-01-01,1.474059539298137,2.048194213190993,1.5174426439247566,0.5648384790367154,0.5231644413883996,0.550771293355768
1997-02-01,1.0942474412389849,1.3526130486672865,0.9415215369018428,0.4075487293545813,0.34030549754162565,0.22506549934445788
1997-03-01,1.6459476950112213,2.4677126444581132,1.7241730979211551,0.5312774521257898,0.5757420904660755,0.3981108413974361
1997-04-01,0.8612287850481624,1.124841381771582,1.067462692258524,0.2154006681532993,0.2686680583504604,0.20286121281450703
1997-05-01,0.40894641785968144,0.42082803379472544,0.32246571012490005,0.13292389248490988,0.10622321012537582,0.1783430597481007
1997-06-01,0.4803115176202668,0.5232378145386914,0.42834244952096084,0.19885300865448116,0.13353497500402425,0.259088187610636
1997-07-01,0.306434159399038,0.1951847303447669,0.11544142799574869,0.07495028360852728,0.04839376545574032,0.05914875069479163
1997-08-01,0.14391013148407275,0.18948589526312745,0.11697331583672156,0.08108654500279783,0.050588730698512684,0.07722491637337604
1997-09-01,0.5740279001895775,0.8206742434453521,0.598674606787073,0.2151514400208285,0.18997862678615507,0.1686727469585588
1997-10-01,1.241295945800509,1.586243784108676,1.1244502011560804,0.6268174905113579,0.4079836445579993,0.6258702071433582
1997-11-01,0.8230408051921729,1.3068417788136977,0.9066089551983779,0.39383937550170395,0.31196486618608577,0.40773655325636515
1997-12-01,0.9279786725328297,1.502252636684504,1.0106565158738325,0.2974258798924113,0.35868397029249094,0.21664668445725857
1998-01-01,1.1611455014142802,1.3390408430474159,1.1382040153799964,0.507387924627406,0.4407761616916019,0.615161974110374
1998-02-01,0.606289137242392,0.6813741696134642,0.5315144051600947,0.4119052165406591,0.2382764370790616,0.44694315806012186
1998-03-01,0.48147591182547045,0.5857295732271358,0.4711168026709512,0.2415875035007457,0.18636125072020618,0.3056871885164142
1998-04-01,0.19106551374868413,0.20846631909566257,0.2339278567248639,0.132705321166678,0.075258519555411,0.10127378193346612
1998-05-01,0.3160212941663351,0.440123013455099,0.38697868201194624,0.24459003784480607,0.14687543902209602,0.3746848918329546
1998-06-01,0.175972289546877,0.2187841825405746,0.1978478925495881,0.10011637968120476,0.07091195181032088,0.08559948397543694
1998-07-01,0.03908117032816669,0.06375913352538765,0.04095543299755527,0.06537849884835571,0.029954183003729717,0.17626112988333817
1998-08-01,0.026293214509044458,0.060506769588011065,0.043463123519412845,0.016663351928193244,0.016690056447212442,0.022863201407500703
1998-09-01,0.04712388886820454,0.05835194630814284,0.0511856113293995,0.009405485843445607,0.014398848674811088,0.01819391855795377
1998-10-01,0.38278268631489526,0.44934043790758804,0.3477616302655851,0.12039980336559182,0.12791281768821916,0.10093198963221771
1998-11-01,1.4703723218420421,1.9066773325245585,1.5400613265663374,0.6316693184529834,0.5504604942063539,0.4765994203008176
1998-12-01,1.7176374210106102,2.3928881833899296,1.9693920454748652,0.7430663059108243,0.7538704958697592,0.5369082429786556
1999-01-01,1.3202568338072314,1.8902425696442988,1.4426421749215708,0.5274471313212797,0.5094485292515081,0.5468992091613019
1999-02-01,2.038450413234616,2.4393705122599485,1.7637222637349144,0.7377876908363799,0.6931968215207698,0.6771378087695884
1999-03-01,0.5639392173709751,0.8614212849113948,0.596444474472897,0.19355575651488202,0.22084538322216088,0.12983967093313312
1999-04-01,0.16822300652080288,0.2489646253835453,0.22524190953500928,0.0740189176170724,0.06886041367915295,0.06814855334726735
1999-05-01,0.43745917862108535,0.4273788610468553,0.33838795439211466,0.1329144323308544,0.12788818135850744,0.14450574317702444
1999-06-01,0.31099694202477707,0.2874630998315391,0.23342977961968928,0.10263667961668685,0.08782001313668643,0.060901290326043994
1999-07-01,0.18989985371089255,0.2859859113365817,0.18301842685652608,0.07618545313649733,0.08409718963937558,0.1850425880490134
1999-08-01,0.15719748484929197,0.10942967748322265,0.08119355116507576,0.07613395760268221,0.04314549512472542,0.17436335844891765
1999-09-01,0.14378991607764643,0.03508244492114032,0.030687591277248332,0.05962270861144863,0.02024920284443007,0.014349326672868827
1999-10-01,0.5658216568406441,0.5883530085013314,0.43134407177141676,0.17612379882057663,0.16050250695575102,0.1774925296540851
1999-11-01,1.6076381105720925,2.209776499689602,1.6167022187771412,0.5584053351897413,0.5592299614815008,0.42641404080244755
1999-12-01,1.8827499413289255,2.2212140850732647,1.614767493422727,0.625243941311397,0.6408734362647045,0.3531271628398891
2000-01-01,1.1224415706014288,1.6379602400585715,1.3542338019741982,0.6112119821853651,0.4655383865728885,0.6071076521714084
2000-02-01,0.7214964064334877,0.9454445310440202,0.7929258490653684,0.3833006370220416,0.28003098885992633,0.44968617013579565
2000-03-01,0.6923307357784233,0.8365204756571223,0.6501645117791556,0.3017127597038898,0.2405125013306862,0.27586786940761926
2000-04-01,0.4563495363298487,0.40774519764380396,0.414637849440502,0.21373538934065642,0.14832251853356163,0.21684085576929021
2000-05-01,0.5006246286447059,0.5611855904003357,0.4716256771049031,0.19847209448240033,0.1781124822871575,0.24485407352836072
2000-06-01,0.31037197849312853,0.4897129922067425,0.4456063932853686,0.13604227320569448,0.14265305668069314,0.08807162918212078
2000-07-01,0.06791739083249222,0.09560330363407481,0.0645645907117691,0.03217029557285744,0.030155869314576946,0.016334398378385576
2000-08-01,0.05868627914952682,0.035667023026142525,0.029222210867595234,0.01887939067221776,0.012595713582553113,0.003967001601758556
2000-09-01,0.6586684509266102,0.5517888700356012,0.4786664676773106,0.2972863089009311,0.16745456675601905,0.148909007367242
2000-10-01,0.32558497190768787,0.4599085138159502,0.3640029844319042,0.12543978650122103,0.1181877305894987,0.14238887528989413
2000-11-01,0.5972061794998571,0.6116374187818734,0.4906519967814249,0.2997335353169555,0.1837895945587745,0.30837394367230025
2000-12-01,0.5610930751687887,0.8393044705574194,0.6069052643635903,0.31498010885342004,0.23397763752030568,0.2780190929677181
2001-01-01,0.43407318888872354,0.44271859141569675,0.3426278126819692,0.17371355275035957,0.13586487110951134,0.1905251090862376
2001-02-01,0.35982697235331745,0.40393305043178035,0.30457029883322984,0.18576292669427047,0.12583228168450383,0.15898064835827855
2001-03-01,0.6355475800066132,0.4705163393066556,0.34698604906708025,0.29263603764259577,0.15625679746089602,0.2292695142104751
2001-04-01,0.4164821729401004,0.4816671536853899,0.47866104108578694,0.22333951655560647,0.15111577494380146,0.26023711341412675
2001-05-01,0.22841931912025287,0.2592193162196303,0.21382649959073216,0.07353953103016081,0.07569905171396256,0.050285836384498246
2001-06-01,0.2877950481510399,0.3550313271897646,0.297812721204394,0.1848621487295137,0.10946965783509972,0.32336216174070564
2001-07-01,0.07248649192393815,0.10272273986807144,0.06724394543681494,0.017215729227312144,0.027986405607108664,0.02067102441080549
2001-08-01,0.11364471259472901,0.09662671678622632,0.06481062374873885,0.05817532549396571,0.03480953010034684,0.0843249678201475
2001-09-01,0.08060902250524435,0.05858555801182481,0.04385783646677345,0.02981339170578193,0.017334252388199946,0.03981160871612665
2001-10-01,0.7773955067957002,0.648947661914111,0.4611502625403354,0.3349854757469297,0.20841970904481902,0.22203178122000738
2001-11-01,1.0269257388359556,1.2012663413619955,0.9085035554993525,0.5347496017707136,0.35228593194562946,0.7082603818842711
2001-12-01,1.0997526161456364,1.2335173422043542,0.9206657569810999,0.5632170966751984,0.38736448074137675,0.46914707656022786
2002-01-01,1.3013015637875154,2.2653637459691582,1.6880460512856192,0.5002421643898639,0.5805442965977214,0.34851855130612047
2002-02-01,0.969272619895558,1.0979144157984062,0.7524862646692843,0.3205835941984508,0.30390236055273234,0.29824906611967006
2002-03-01,1.0223188092409108,1.418815795591147,0.9407213283519812,0.4351999159472811,0.3350481350349246,0.2023865035687769
2002-04-01,0.75268733639176,0.8048546438865294,0.7445466505735229,0.313255911944759,0.22195036150122238,0.27299987185019436
2002-05-01,0.35053384098410534,0.36684799092852655,0.2775538160307368,0.1847721270896004,0.11816308076412277,0.22361489486416897
2002-06-01,0.41186479889933036,0.33935245851875295,0.2677978910483862,0.12495659164856847,0.10823197663037372,0.1870352468911969
2002-07-01,0.1169102877128925,0.0877684204383488,0.04827712928463267,0.060125887961888426,0.03650657455118343,0.04264937398159511
2002-08-01,0.05271392768383707,0.04869762656298943,0.026663664444405256,0.0078113345181701046,0.012097878855826144,0.003430514748398863
2002-09-01,0.17905165090344935,0.0685443538257295,0.04783905817865801,0.030108053719712535,0.020829349070114876,0.017507223880093733
2002-10-01,0.14419137898318218,0.12770814942300765,0.09195102125959485,0.04312999392258992,0.04145116437234326,0.04202677585187373
2002-11-01,0.8077260403156072,0.9035818524843313,0.6226276738699497,0.26637419390406314,0.24452209594646862,0.21777645132750295
2002-12-01,1.2691613020429262,1.6501452954782676,1.1467795195308181,0.7633775625706855,0.5127967569037546,1.0015248598767197
2003-01-01,1.4737887015686495,1.0844402200497851,0.9826848740210066,0.724343575667662,0.4689474473490431,0.7021786512616909
2003-02-01,0.6069027057160239,0.46078754054542215,0.36618597175803264,0.21823059891034005,0.19387705569572317,0.15934655713505616
2003-03-01,1.2305783487943418,1.660255117690339,1.2528923318968583,0.44086404825555464,0.5114569189876758,0.2579171998936879
2003-04-01,0.30598904249106457,0.5010536871145945,0.556553455608211,0.1890651025710864,0.17025730834995176,0.4387636719592404
2003-05-01,0.18989025900955628,0.28218608176463356,0.2438752253932618,0.07342534569034032,0.09730796719726749,0.06989442493999196
2003-06-01,0.09138452342654747,0.0881364556857523,0.07878207163735945,0.050705766189565765,0.03830690274954982,0.024745290850137106
2003-07-01,0.014198906779739229,0.004279776807451015,0.0022525438474286946,0.004947319039602513,0.003697466103460522,0.0005238161088704026
2003-08-01,0.017405073586200654,0.01345871215644397,0.008625564788527997,0.01695417467647365,0.010908874765909458,0.0836373449888381
2003-09-01,0.2639895938426267,0.17873087662670764,0.14518648145367272,0.05861540797367833,0.06394866482380142,0.03062677904229221
2003-10-01,0.7658946630067123,1.0220965982414583,0.7567427485150041,0.2262046264513484,0.31760102834006493,0.1713293600985011
2003-11-01,1.4620682473051965,1.7400980591392923,1.2232705863104936,0.5732579517887121,0.5898386402874649,0.19536665155561014
2003-12-01,0.6745427609768572,1.1804875587941595,0.90961967269058,0.480290861524043,0.4847515891987906,0.6713763667667709
2004-01-01,1.4292729795584813,1.6313026919194338,1.385887020945026,0.5678848507395803,0.5636242256588578,0.45643838454720537
2004-02-01,0.4355033173133817,0.7423642367930274,0.5672834846530522,0.29754592546530423,0.27398733324311886,0.38377553033223616
2004-03-01,0.6968833780968915,0.7895700113039593,0.6015318065076933,0.2803807231722767,0.2746967302023813,0.173863630435762
2004-04-01,0.1266346885634577,0.16984832377348033,0.1871939159892411,0.052853818271661024,0.05444230167534828,0.08601038802198684
2004-05-01,0.5194279338696253,0.5752048402690388,0.4936898614931894,0.22198729259650551,0.204144165977522,0.2376454076450402
2004-06-01,0.21013500015691527,0.291513708647786,0.27376980973883236,0.07953255227269755,0.10059837727239075,0.13999817167294185
2004-07-01,0.08431272413480587,0.024441719549791463,0.019391404777339447,0.051862328626935496,0.02494369273279389,0.1005827070144639
2004-08-01,0.49167521784319607,0.7444377036833513,0.5211828808367855,0.21017553016121043,0.2534479160175218,0.29664631549673
2004-09-01,0.6416007459325559,0.5113692340891958,0.44746068088357766,0.21057511749863186,0.19985223474095018,0.08644801343608483
2004-10-01,0.6504832963677157,0.6488239716460359,0.5154520065836908,0.29597261871589514,0.25844614113403486,0.24351874036541676
2004-11-01,0.9145727573161936,0.5089201404501768,0.41328870438139265,0.2605841011149988,0.2249074382776435,0.06675685932174906
2004-12-01,0.9451691036316329,1.0387760072612904,0.7797470670096499,0.4795951124073892,0.4360068145713272,0.3743153269650368
2005-01-01,0.8809611621544461,0.802500087070401,0.6418673141139756,0.37452252309359063,0.32148253177595504,0.2685597085267456
2005-02-01,0.24820534383199777,0.23556131781468537,0.16106907966593464,0.08081387080205359,0.08107778410978252,0.04878268535546753
2005-03-01,0.6666059093780975,0.78618154933023,0.6078344819424214,0.32771243972517183,0.27125810290348484,0.20266479048849054
2005-04-01,0.28596478638306994,0.5321775974041786,0.5516470392684121,0.12319541508974748,0.1646707961514514,0.193017701441751
2005-05-01,0.3737850539936945,0.4584708107588119,0.386495450630831,0.2613097928572104,0.179814869143272,0.31693548666864246
2005-06-01,0.18340302569996775,0.24953698763426194,0.22359898814436,0.07832010354980364,0.09370130970235678,0.04598825733526954
2005-07-01,0.1418233220207776,0.16758674009949917,0.11151517813774757,0.05606490700498815,0.06819590420775831,0.04610967075910009
2005-08-01,0.06420507090034965,0.03691833516263282,0.02389587619011455,0.028891121319132473,0.01867468986938865,0.021439307745264192
2005-09-01,0.34539359397245817,0.2865945670913067,0.23724001921878807,0.1197777961344624,0.11362140378581778,0.10932018753794713
2005-10-01,0.4995288950642457,0.4475446047878224,0.3511852114362118,0.19957032618541887,0.16802961341865902,0.16775474840668836
2005-11-01,0.8723766021428558,1.006008847064931,0.7452028427808065,0.47405523490236784,0.3810099773605137,0.43088052812546673
2005-12-01,0.8923854691989943,1.1762638538690524,0.9095249638666142,0.5526635613617693,0.5166571130996009,0.6521786432306406
2006-01-01,1.8783680510472271,2.59987943918724,1.9463456250303988,0.6739626763211993,0.8617597663738321,0.48810988976218384
2006-02-01,0.6450138433865084,1.0471960279721706,0.7449067686122801,0.23857401490085822,0.33293211997942773,0.18382287860156307
2006-03-01,0.35348111395303916,0.5482685492615759,0.3470647559001705,0.14687973008922312,0.17751463100475376,0.12501376685259918
2006-04-01,0.2714919144748768,0.4183469079265531,0.3918901069563463,0.11930966894291539,0.1395946447402288,0.16421750687000347
2006-05-01,0.24892562116627123,0.4092912478653261,0.30141995782836856,0.1409222596984943,0.1374173716842949,0.19884960941510435
2006-06-01,0.26177396501436206,0.39997056742142434,0.324990383255395,0.18488919108285745,0.16613289330198158,0.1683600787904055
2006-07-01,0.04534857061368422,0.05976891720134641,0.03373688914701877,0.01973208572872745,0.02418823260877254,0.012562067858319374
2006-08-01,0.06197377875857639,0.013542342831131919,0.007362509218262028,0.021204341575334327,0.013925509390824571,0.002346096246330436
2006-09-01,0.2091635847076259,0.18284152864609388,0.1299071506623765,0.08767562749588216,0.07949231217569817,0.08355532184383786
2006-10-01,0.40016717801262536,0.3248027469430747,0.20414946110185722,0.15385436929144092,0.13227095055472304,0.0910574841629206
2006-11-01,2.5006351313820194,3.6319193064795856,2.4485192548617607,1.0524308350266407,1.1540709848414774,0.5520309026780065
2006-12-01,0.9426663767452425,1.1648135479236,0.8257604077272317,0.5184995377480515,0.48616761088962057,0.5154111351442364
2007-01-01,1.606159074233983,1.3483999497625168,0.9391505071206715,0.7146455447616196,0.5668197652099071,0.25380108260561385
2007-02-01,0.9543852793600232,1.5014082416650354,1.0886380041203525,0.5214653849206095,0.540527837167256,0.39043498074746646
2007-03-01,0.9898324976308902,1.3687879981159938,1.0017481999501439,0.3324044033472381,0.44299414073269316,0.17244372545297387
2007-04-01,0.2890943742828618,0.4584596457028792,0.4717463322553805,0.12052302172279611,0.16076772827540967,0.1353627257395343
2007-05-01,0.1615890018541593,0.3270567345811858,0.2347485526396925,0.10648693444531249,0.10721342975439012,0.14307781606696895
2007-06-01,0.2550765030860992,0.25513901740280354,0.22069665221560655,0.10939347667085585,0.11259251861806327,0.09871539439908632
2007-07-01,0.045995701810761645,0.07268194835039204,0.057142164080921744,0.02023016180768745,0.023706372370995734,0.016870363241278583
2007-08-01,0.0712055519108908,0.06946437673068483,0.04604423325399508,0.03214792164123887,0.031791178862447964,0.043994362706431735
2007-09-01,0.1681499301518771,0.1569503114965089,0.12884090505617388,0.06370474128376577,0.06060212737553129,0.07950467972142274
2007-10-01,0.6246009203680335,0.868784277942063,0.6203190980229106,0.29054682461187076,0.3054335753117526,0.26567122983600044
2007-11-01,0.6581788639837399,0.9379727347914639,0.7268619400697557,0.3668386542659718,0.34142157258287237,0.5278820178645697
2007-12-01,1.4352046480805367,1.9520952548222248,1.433196271956058,0.6797437993091836,0.6777892900144373,0.4897472065777906
2008-01-01,0.6068123406781294,1.1943255895800091,1.0056184135307449,0.2362491503899722,0.36061961252258284,0.3016534252857801
2008-02-01,0.7392103063652745,0.9512893895761753,0.7592914081164337,0.21031860816075107,0.2983777476431217,0.1608529956282031
2008-03-01,0.6558066492722219,0.9224762770865658,0.6743179229907544,0.2539165959546799,0.3213003048402254,0.2140863125648762
2008-04-01,0.4271676723369228,0.444380528554344,0.41729962854390024,0.17284219598930733,0.17095962719297322,0.0913396916432593
2008-05-01,0.21238087902632666,0.262929143377235,0.24951638057853265,0.10750389501780291,0.11312204157790642,0.13280131579697327
2008-06-01,0.2799660894552469,0.2698059491577522,0.26591082728943743,0.11620310957367064,0.10997274679405834,0.0994987282502184
2008-07-01,0.08255200850836354,0.06534094690027543,0.044766902368011674,0.030941496501862002,0.0300615411559112,0.03589165612179008
2008-08-01,0.28418913983332955,0.3090926250818596,0.2181244795901915,0.11688685537273058,0.11455952156444103,0.12345045967018727
2008-09-01,0.1198647118649481,0.0928259098371389,0.08054774259712631,0.03227445822164461,0.03328072963798849,0.041381767792632244
2008-10-01,0.31591207804041654,0.33644214597773525,0.2775233892426136,0.12948790828131523,0.1221353057318488,0.16627974068754217
2008-11-01,1.5867463424394492,1.749983924489517,1.3147917054449922,0.6633047470812066,0.6082889388335581,0.5290597553836082
2008-12-01,1.968719281762298,1.8166919120890406,1.3040010164116158,1.0319103086512802,0.7876152788364031,0.5112191920838798
2009-01-01,1.2260570490229834,1.5945405556276981,1.4248363123925716,0.5562916046022872,0.5589281611673484,0.44838776318750273
2009-02-01,0.2982932231282707,0.48945203659349146,0.40883926496088124,0.2081263955906318,0.20205724318975668,0.23856912367579253
2009-03-01,1.0128503691898945,1.27267358991083,0.9562485872377666,0.5416045788676165,0.5054844709041315,0.4252109542518503
2009-04-01,0.5142755121932082,0.5180222071326023,0.5374679144689274,0.26759647427238314,0.21580413589816003,0.13766603972189645
2009-05-01,0.39894229081508137,0.7351578600155112,0.6419141938816056,0.20783507923835812,0.24946432317120965,0.19502275152025372
2009-06-01,0.14069839014480773,0.1608613085167996,0.16243954664977608,0.08176061683250871,0.0727117528703203,0.09743159888627687
2009-07-01,0.03158468704006828,0.0220310130074059,0.01129561010345335,0.02621532014724611,0.010463681101815347,0.015153219017816407
2009-08-01,0.06396335863964364,0.11883734604085876,0.08821706323871845,0.023957732941988174,0.04468939787958268,0.041264162589416606
2009-09-01,0.30078561994276226,0.2574783045700831,0.2173293011711477,0.1356484509465205,0.09894550025307518,0.10612610736506932
2009-10-01,0.7816271749905962,0.789581939257333,0.6454016298301485,0.37025337339402165,0.2885068804582791,0.3269440093816548
2009-11-01,1.173137595355848,1.187920160075167,1.0266852279763166,0.4587813052062295,0.4005670960800074,0.33237653075819196
2009-12-01,0.9581226292994307,1.092680899321481,0.7979278566834758,0.43914221098801703,0.41097266400227184,0.30734887426121316
2010-01-01,0.6712091537835874,1.0526963413591242,0.8044663449243603,0.4034078274485767,0.34743609320032554,0.40943725212901483
2010-02-01,0.4305948648266809,0.7008491371571078,0.5132914184166135,0.2674161332438184,0.23246712144659168,0.2784092716212931
2010-03-01,0.5886379785501943,0.6463073367965357,0.47151666061334363,0.1822844663819181,0.20741671898346226,0.07857160284225394
2010-04-01,1.2122843164846235,0.9443965341835701,0.6412531633166819,0.4774077327438141,0.4040289766245282,0.1948294265910668
2010-05-01,0.839680797983168,0.974166963356132,0.6574964665810934,0.3593752871626753,0.3458500470336302,0.31245210229042397
2010-06-01,0.31518547353967985,0.5793256519748499,0.484682442106621,0.1832669153448883,0.19260525974989456,0.21657230051259252
2010-07-01,0.04417509532433997,0.026252484381581696,0.015986135536611427,0.01779097908985613,0.012402833827753963,0.014562667586572821
2010-08-01,0.11577694282721461,0.1285708595240147,0.08278179515571882,0.025069455035601488,0.044599174039462106,0.016456174163950156
2010-09-01,0.6541193023810441,0.44917691016916234,0.3805259398607482,0.282220625780288,0.19613624969297022,0.2065232718447737
2010-10-01,0.39918080268755474,0.7314867874296954,0.5543957967783959,0.13893571464010798,0.2105003715693425,0.17142443320335832
2010-11-01,0.6944386796146591,1.1292820097991045,0.8815718919166168,0.25025875940328346,0.30813634415915614,0.22043504339033143
2010-12-01,0.8227025421479758,1.1811206569510069,0.97318464605272,0.3832183141630516,0.39320415836181555,0.4827200804750872
2011-01-01,1.481694713957225,1.8042675953044474,1.3522955231379716,0.6054539166516524,0.6259796462498047,0.2981204091624544
2011-02-01,0.8275906256216585,1.265547319086409,0.937226819125965,0.3299829895912291,0.41180431149487173,0.1561620954550487
2011-03-01,1.4762006670713093,1.5766833408643184,1.1397807306351035,0.7007327462571932,0.566367246331624,0.43292845693305754
2011-04-01,0.7559761165660132,1.1842816739510844,1.111002922126097,0.2213822763982769,0.37139101315556977,0.16037847204654382
2011-05-01,0.5158811918888859,0.5103954321176484,0.4435564148068479,0.373898406703022,0.23367909143337612,0.5440368395757588
2011-06-01,0.21473082242568825,0.2957750428635342,0.23587270651004563,0.06921533005930668,0.09226362859836694,0.07743165053232544
2011-07-01,0.10737296743955879,0.12531084055712624,0.075638094561198,0.06606167597827971,0.05057703314998449,0.10643383427355452
2011-08-01,0.02205226765131526,0.010328111885257731,0.006481467846260213,0.0029028982954661183,0.0036497230236921586,0.0006654667936600271
2011-09-01,0.2216644588759119,0.2050140602739149,0.1761535480054222,0.057343975644307044,0.07365665612670136,0.03026899468271948
2011-10-01,0.724760561600664,0.6197658008700231,0.4470950103995244,0.289364262645266,0.24363624109258564,0.241464565235001
2011-11-01,1.1351275896218953,1.4286746758089097,1.0203109013336165,0.4427252422223968,0.460523795725695,0.2272819326225605
2011-12-01,0.4605487041589463,1.325441584942072,0.9574745214157282,0.2278220437223047,0.4139681589191451,0.20762342721063784
2012-01-01,1.1658167821018144,1.2099070643602576,1.0097255887806178,0.3924984006936188,0.3719317375572703,0.3121701061964811
2012-02-01,1.3001299586000619,1.6036866586520486,1.1342692101315397,0.635170515489643,0.5844160318462396,0.3461242571126784
2012-03-01,1.1057598272631615,1.2095362986699791,0.8548568596669299,0.4580398181266457,0.3952639281151167,0.33240913281155016
2012-04-01,0.4863453946815601,0.7867213412097092,0.7793716774098254,0.1655531748416002,0.22343162493479465,0.16998563549146095
2012-05-01,0.3659636975152895,0.6056931613954062,0.45519869544233205,0.07606240587297539,0.15707346700330657,0.05563513038153459
2012-06-01,0.5411238420648717,0.643945038006553,0.5426475900864275,0.16250617059633957,0.21157136729516138,0.1909973182763182
2012-07-01,0.11014327241265205,0.12114210033603169,0.08077305448892638,0.05365678785170619,0.04767209198263173,0.0776741129426315
2012-08-01,0.0070735059765239215,0.0005828884849213386,0.0007894000220996606,0.00238582933600881,0.0012293805464194804,0.0009209982328416539
2012-09-01,0.05034343058459075,0.034392269511742346,0.028823727485287547,0.023965248807863358,0.015372225871266814,0.01235686068269959
2012-10-01,0.9531036281687817,1.491458212978697,1.0410631932864287,0.3931749127849616,0.4375012854453747,0.34047415443659684
2012-11-01,1.0526801865301683,1.2403909069380932,0.9157278589629079,0.35446204907653844,0.3803904554921956,0.25674312898781954
2012-12-01,1.1658879281642835,1.810978227019541,1.3796593389488478,0.5272484766860126,0.5629016559354364,0.474801980819567
2013-01-01,0.7848142698304104,1.1481421938171799,0.8556064762346739,0.29522451872855693,0.3372210347515561,0.14443033779186507
2013-02-01,0.8429997583170205,0.7200063790819955,0.5092172711125433,0.3246440394506677,0.25286184407561135,0.10078593685139622
2013-03-01,0.908406421145585,0.7427010372377066,0.49747845424619935,0.3253837991813853,0.2537811347671599,0.2774953069229417
2013-04-01,1.1052298469602964,1.3049951867950196,1.2094172731151644,0.37380322280524486,0.4118071979686234,0.22271179914987027
2013-05-01,0.41583246944510144,0.6491596584478818,0.5348628185822585,0.4032544161470109,0.2810090394223218,0.7254538398428959
2013-06-01,0.2146343285781605,0.2634843344226524,0.23648908558118684,0.1988449519205918,0.11070248898532127,0.21938899841056939
2013-07-01,0.013714065134893242,0.003622556746196573,0.0025880927368029595,0.01148921423646873,0.002863120855668234,0.007087707490973759
2013-08-01,0.15163739020288342,0.15720914823617554,0.10853335923187675,0.11495855731487929,0.055558105225996385,0.07109686827463
2013-09-01,0.9340069391302116,1.1318210969100806,0.9897941673814257,0.4972115050365305,0.41951753470220876,0.3412529090712857
2013-10-01,0.23813422858377503,0.23868197806567173,0.16323694710460274,0.09900880117251995,0.07238030727412062,0.07019726990193437
2013-11-01,1.1476934911367809,1.1851446392088625,0.8207383752999072,0.4619264827375582,0.3977963983013096,0.31008240426973577
2013-12-01,0.39004687197762444,0.8807533884289066,0.7230953012359069,0.12634466966389982,0.26478103344809933,0.21706123782966102
