,Kittitas,Roza,Wapato,Sunnyside,Tieton
1949-01-01,0.0,0.0,0.0,0.0,0.0
1949-02-01,0.0,0.0,0.0,0.0,0.06876948557142858
1949-03-01,0.0,3.761573417612903,2.2151081927419356,3.351435859451613,0.2612457497419355
1949-04-01,1.8037831539,18.66174606789999,23.656837878699996,27.625915933199995,1.5489315309
1949-05-01,19.129400318516126,22.60049769270967,58.66154562387095,35.414327683548386,8.399142198870967
1949-06-01,25.445518714200002,23.895643288400006,55.4075745249,35.97938579819999,9.377595831499999
1949-07-01,31.308384868548387,23.513944370129032,55.966877925483885,36.46479136258065,9.38292427045161
1949-08-01,26.57125039945161,18.346576515967744,48.61363217225806,35.94869398983871,9.358261210161292
1949-09-01,19.6113043373,12.790719789899999,38.830892291099985,29.154081776300004,7.878690730299999
1949-10-01,7.165989184354839,6.9686847020322595,10.391369402322582,13.9839551846129,0.0
1949-11-01,0.0,0.0,0.0,0.0,0.5455712521999999
1949-12-01,0.0,0.0,0.0,0.0,0.0
1950-01-01,0.0,0.0,0.0,0.0,0.0
1950-02-01,0.0,0.0,0.0,0.0,0.021237635249999998
1950-03-01,0.0,4.5736275138387095,4.4539659990967735,6.166678519258064,0.3005239568709678
1950-04-01,0.2019935086,13.868647765699999,23.827682855600003,26.8207735835,0.424752705
1950-05-01,16.410069559838707,22.261608975387098,58.94471409387096,35.17226431403225,6.670901085193548
1950-06-01,17.964207736799995,24.37136631800001,50.00283232749999,37.02427745249999,8.286453327099998
1950-07-01,30.5675796131613,26.323706349870957,54.56473727564513,36.83473726693548,9.408500777419354
1950-08-01,31.89755797548387,24.511428141870965,48.79906184777418,35.72033232048388,9.613112833161289
1950-09-01,24.737597539200003,19.8991922818,38.5467799262,30.920109134200004,9.3860908856
1950-10-01,5.299817622387097,9.11437094729032,10.019596604612902,13.55189490619355,0.0
1950-11-01,0.0,0.0,0.0,0.0,0.49648871739999995
1950-12-01,0.0,0.0,0.0,0.0,0.0
1951-01-01,0.0,0.0,0.0,0.0,0.0
1951-02-01,0.0,0.0,0.0,0.0,0.40907730755357147
1951-03-01,0.0,4.220123649677419,1.690789799903226,4.933525504741936,0.14889180841935482
1951-04-01,6.001283774200001,17.279883934300003,32.65121238080001,28.445216706399993,2.4899947462
1951-05-01,17.39019784470968,26.309091203032253,57.03287019803224,36.26200620019355,8.269432770677417
1951-06-01,25.3586803834,24.21845534419999,48.2103759124,36.49097683399998,8.4450276703
1951-07-01,30.704596614774196,27.481956736838722,53.25668163358061,36.04460589096773,9.359174656838707
1951-08-01,31.588812998516136,23.38423494193549,49.00732769022579,36.00806802387097,9.534556418903223
1951-09-01,20.350374043999995,15.375104026100002,39.59639105500002,29.13425998340001,8.6715624463
1951-10-01,7.5231468352258055,8.327893358032263,9.013891812774192,13.554635246225805,0.0
1951-11-01,0.0,0.0,0.0,0.0,0.44268670809999994
1951-12-01,0.0,0.0,0.0,0.0,0.0
1952-01-01,0.0,0.0,0.0,0.0,0.0
1952-02-01,0.0,0.0,0.0,0.0,0.277309812
1952-03-01,0.0,4.37358269148387,2.8508670802258065,4.907948997774192,0.3580710975483871
1952-04-01,7.851317778199999,20.436268479899997,41.425659371200005,28.093143908700004,1.9529185480999998
1952-05-01,23.487454416483864,27.547724897612916,58.003864016129036,36.300370960645154,7.792613605064514
1952-06-01,27.756173429400004,27.84584344489999,52.480556439999994,36.906290590000005,9.350222879400002
1952-07-01,30.467100478645147,26.524664618903227,52.54693356522579,36.670316865,9.559219479193546
1952-08-01,30.28167080312903,24.437438960999994,49.22016076606454,34.53285163983871,9.69166924741935
1952-09-01,24.173148388999998,16.153817318599994,39.36136122489999,30.049838036400004,9.102922415600002
1952-10-01,6.635276664774194,10.625211751741936,11.654666157193551,13.983041737935482,0.0
1952-11-01,0.0,0.0,0.0,0.0,0.4275843897
1952-12-01,0.0,0.0,0.0,0.0,0.027403400322580644
1953-01-01,0.0,0.0,0.0,0.0,0.0
1953-02-01,0.0,0.0,0.0,0.0,0.3954245420357143
1953-03-01,0.0,6.897435861193547,7.38978362032258,8.649426588483871,0.9883493049677415
1953-04-01,5.7643661543,16.482292743800006,38.96964484139999,26.882126752,2.0926149933000002
1953-05-01,16.810159204548388,21.088743441580647,52.215352421322606,34.58583154712905,6.707438952290322
1953-06-01,19.9671527146,22.792230150299996,50.6352419105,34.999622891999984,8.0787964491
1953-07-01,31.311125208580656,29.418463692967737,55.43707885258065,36.37527358819354,9.647823806903224
1953-08-01,30.28258424980645,24.801904185290322,48.51315303774194,35.57783463880645,9.767485321645166
1953-09-01,25.156686874799995,16.772068478100003,35.089292907499996,29.2966099062,9.570150391099997
1953-10-01,5.878942815870965,8.696012369032257,9.982145290838709,13.060460593741936,0.0
1953-11-01,0.0,0.0,0.0,0.0,0.5502907267
1953-12-01,0.0,0.0,0.0,0.0,0.0
1954-01-01,0.0,0.0,0.0,0.0,0.0
1954-02-01,0.0,0.0,0.0,0.0,0.10416554432142856
1954-03-01,0.0,5.006601238935485,4.4585332324838705,6.776860899774192,0.40922411148387117
1954-04-01,5.470814840399999,17.2015406576,37.15642273850001,29.488220570900005,1.6159480688
1954-05-01,22.447952097580643,26.34197528341936,56.17697066129031,35.642689352903226,7.784392584967741
1954-06-01,22.12772814069999,25.639961063599994,54.20599631719998,35.792494608000005,9.2869819211
1954-07-01,28.906020106935483,28.239204032419355,54.277915018935474,35.132986106903225,9.614026279838708
1954-08-01,30.403159211225802,26.39312829735484,50.17197220393547,35.64725658629032,9.785754255193554
1954-09-01,19.0987694066,17.733897381200002,38.62229151820001,28.937929844199996,8.2940044863
1954-10-01,9.474268938193545,9.065044826709673,9.181052554741935,14.275344674709679,0.0685085008064516
1954-11-01,0.0,0.0,0.0,0.0,0.5134788256000001
1954-12-01,0.0,0.0,0.0,0.0,0.0
1955-01-01,0.0,0.0,0.0,0.0,0.0
1955-02-01,0.0,0.0,0.0,0.0,0.5390314089642857
1955-03-01,0.0,4.801989183193548,4.327910357612903,5.8460587354838704,0.3772534777741935
1955-04-01,1.4998489960999999,17.241184243400003,32.65876354,26.447935098000006,2.0208789809000005
1955-05-01,20.57995364225806,22.5210278317742,53.025579624193576,35.24990728161289,5.138137560483872
1955-06-01,26.963301713400003,29.1899497825,54.41554098500001,36.22668626199998,9.427622261200002
1955-07-01,28.48766152867742,28.629245763677428,54.51449770838711,36.09941269161289,9.579315306096769
1955-08-01,33.267727991612894,27.712145299548382,49.03381764387097,35.97153015677418,9.766571874967742
1955-09-01,23.2519069666,20.293740350000007,40.16272799499998,29.1927814672,9.404968783599998
1955-10-01,5.27789490212903,9.615853173193548,9.386578057161291,12.227397223935483,0.07398918087096773
1955-11-01,0.0,0.0,0.0,0.0,0.604092736
1955-12-01,0.0,0.0,0.0,0.0,0.169901082
1956-01-01,0.0,0.0,0.0,0.0,0.0
1956-02-01,0.0,0.0,0.0,0.0,0.0
1956-03-01,0.0,1.4788701707419354,0.0,3.700372490225806,0.11144049464516127
1956-04-01,0.49365703269999994,17.063732002199995,25.824020569100004,25.0377561174,0.2727856261
1956-05-01,13.681604334387096,25.697081929161293,57.52887174387098,34.436939738709654,5.784857808096775
1956-06-01,19.227139113000003,24.972627369300007,55.888017029000004,34.57487018699997,7.974968010100003
1956-07-01,31.237136027709667,30.51551315254839,53.42749616225807,35.87105102225806,9.582969092806445
1956-08-01,31.51025658425806,28.023630616548385,50.394853193225806,35.8071097548387,9.670659973838708
1956-09-01,22.44204514239999,19.264894909000002,38.454278226,29.2711247439,7.8843540997
1956-10-01,7.360553326645163,11.211644518645162,10.34752396180645,14.181259666935482,0.0
1956-11-01,0.0,0.0,0.0,0.0,0.5974854717
1956-12-01,0.0,0.0,0.0,0.0,0.02648995364516129
1957-01-01,0.0,0.0,0.0,0.0,0.0027403400322580642
1957-02-01,0.0,0.0,0.0,0.0,0.45913744778571436
1957-03-01,0.0,1.439591963612903,3.0573060293225804,2.047034004096774,0.4329737250967743
1957-04-01,0.6258023186999999,15.088159976500002,22.5996755907,19.300762915199996,1.3091822262999997
1957-05-01,19.551412683483864,28.788185485548382,53.33158426112904,33.646808362741936,5.144531687225807
1957-06-01,28.1441142333,30.775693214500002,52.89587019599999,35.37151748259999,9.294533080299999
1957-07-01,32.737928918709684,31.445401870161295,54.93925041338711,35.73860125403226,9.739168474645162
1957-08-01,28.718763538064515,29.141689349709683,49.97923495500001,35.8116769882258,9.770225661677419
1957-09-01,24.188250707400005,21.595371417099997,39.08668780899999,28.9558638473,8.1779054136
1957-10-01,4.7444420425161296,7.482955181419355,9.041295213096774,8.932595058483871,0.0
1957-11-01,0.0,0.0,0.0,0.0,0.0925017002
1957-12-01,0.0,0.0,0.0,0.0,0.4585502320645161
1958-01-01,0.0,0.0,0.0,0.0,0.027403400322580644
1958-02-01,0.0,0.0,0.0,0.0,0.37924348660714285
1958-03-01,0.0,5.530919631774194,4.267622876903227,3.149564143741936,0.5946537869999997
1958-04-01,1.453598146,14.114060439699996,21.472665080099997,17.324246994599996,0.7862644517000003
1958-05-01,21.37373880493548,25.29516539109678,53.20370172629031,32.55706647658065,5.896298302741934
1958-06-01,26.7452619915,29.601487958899998,56.06263758549999,35.9926003268,9.4965265889
1958-07-01,32.50408656929033,30.83613293632258,55.01232614758063,36.77993046629031,9.525421952129035
1958-08-01,31.96149924290323,29.1617851766129,49.39919631483871,36.04460589096775,9.619506959903223
1958-09-01,23.030091665100006,20.388129839999987,37.3829575145,28.872801096100012,7.832439880200001
1958-10-01,0.10047913451612903,8.9152395716129,9.172831534645162,11.337700160129032,0.029961051019354836
1958-11-01,0.0,0.0,0.0,0.0,0.15300536329
1958-12-01,0.0,0.0,0.0,0.0,0.35989799090322583
1959-01-01,0.0,0.0,0.0,0.0,0.0
1959-02-01,0.0,0.0,0.0,0.0,0.2427158314285714
1959-03-01,0.0,3.2765332319032257,5.277894902129032,3.356916539516129,0.1233153014516129
1959-04-01,4.2418636806,19.744393518200003,30.5963531835,24.779128914799994,1.46822851695
1959-05-01,23.53312675035484,26.588605886322586,53.68782846532258,35.17683154741936,6.9814729555161295
1959-06-01,25.818357199700003,28.600015470000006,56.194782871499974,36.103979925000004,9.011364610300005
1959-07-01,30.861709443290327,31.815347774516137,55.03059508112905,36.31407266080645,9.628641426677413
1959-08-01,31.491987650709678,30.416860911387094,50.50903402790319,35.85278208870967,9.718159201064509
1959-09-01,20.847806656299998,20.85913339509999,37.5254856444,28.605678839400003,7.644604795099999
1959-10-01,0.4832132923548387,7.337717159709679,9.337251936580643,11.219865538741931,0.0
1959-11-01,0.0,0.0,0.0,0.0,0.28600015469999995
1959-12-01,0.0,0.0,0.0,0.0,0.27129366319354836
1960-01-01,0.0,0.0,0.0,0.0,0.0
1960-02-01,0.0,0.0,0.0,0.0,0.532161435
1960-03-01,0.0,4.6101653809354834,2.054341577516129,2.776877899354839,0.10230602787096774
1960-04-01,1.5659216391000002,18.306841585500003,29.884656428899998,22.593068326399997,1.3950766622000006
1960-05-01,20.954466779999997,26.48081917838709,51.62800620774192,33.25037250474193,5.817741888483871
1960-06-01,28.2639888856,30.89745565660001,55.84554175849999,36.48625735949999,9.286981921099999
1960-07-01,34.720108208709675,31.674676986193557,55.1356414490323,36.76166153274193,9.688928907387096
1960-08-01,31.33578826887097,30.333737263741938,50.33547915919355,35.63355488612903,9.551911905774194
1960-09-01,24.4251683273,23.184890428700005,37.9710040372,29.312656119500005,8.176017623799998
1960-10-01,7.554204022258064,9.434990731064513,8.310537871161289,11.702165384419356,0.0
1960-11-01,0.0,0.0,0.0,0.0,0.0
1960-12-01,0.0,0.0,0.0,0.0,0.0
1961-01-01,0.0,0.0,0.0,0.0,0.0
1961-02-01,0.0,0.0,0.0,0.0,0.2894386289785714
1961-03-01,0.0,5.757454407774192,1.0815208660645161,3.4281653803548386,0.01918238022580645
1961-04-01,2.1794533241,16.05187666939999,27.084120260599995,20.7241564244,0.8098618242000002
1961-05-01,18.43792118370968,21.110666161838708,49.19823804580645,31.62809120564516,3.6282102027096776
1961-06-01,26.495129843000004,31.143812225499993,55.184815328499965,35.7217024905,9.013252400100003
1961-07-01,33.31796755887096,32.75619785225806,55.226986116774206,36.50132922967741,9.622247299935477
1961-08-01,32.03822876380645,31.37141268929032,50.10255025645163,36.00806802387097,9.647823806903222
1961-09-01,23.957940351799998,21.710526594899996,38.997017793499985,29.68549460500001,8.7791664649
1961-10-01,6.058891811322581,7.820930452064515,9.035814533032259,12.83940649780645,0.0
1961-11-01,0.0,0.0,0.0,0.0,0.4785547142999999
1961-12-01,0.0,0.0,0.0,0.0,0.034710973741935484
1962-01-01,0.0,0.0,0.0,0.0,0.295956723483871
1962-02-01,0.0,0.0,0.0,0.0,0.10315422835714284
1962-03-01,0.0,4.203772954151613,1.0002241117741935,3.4318191670645164,0.13126228754516128
1962-04-01,3.4574870186999997,17.457336175500004,31.477007125200007,24.126897538899996,1.6170807426800005
1962-05-01,19.053584244290324,22.149255034064513,52.340494616129035,34.05420558087097,6.1776398793870975
1962-06-01,27.165295221999997,28.963415006500007,54.58544206700001,36.08038255249999,9.034018087900002
1962-07-01,31.84731840822581,32.77446678580643,54.710888744032275,36.451089662419356,9.430423497677419
1962-08-01,30.893680077000003,29.436732626516136,49.44486864870968,35.90758888935484,9.636862446774193
1962-09-01,26.135505886100006,21.839840196199997,38.987578844499986,31.20894097359999,9.104810205399998
1962-10-01,5.517217931612902,6.448933542580646,9.506239571903224,11.41351623435484,0.0
1962-11-01,0.0,0.0,0.0,0.0,0.24569584247
1962-12-01,0.0,0.0,0.0,0.0,0.04475888719354839
1963-01-01,0.0,0.0,0.0,0.0,0.0
1963-02-01,0.0,0.0,0.0,0.0,0.164945633775
1963-03-01,0.0,4.698952397980645,2.3868361680967745,3.6199891826129034,0.3356916539516129
1963-04-01,0.1595182381,10.977497687,18.595673424900003,15.951823809999995,1.3790304488999996
1963-05-01,18.096292126354832,20.93345750641935,44.41634468951614,29.246735717612903,4.06301082116129
1963-06-01,31.403383323,31.403383323,55.935211773999995,36.88269321749999,9.446500159200003
1963-07-01,30.529214852709668,28.477613615225792,54.04407266951611,35.75230295419355,9.443211751161293
1963-08-01,31.63083154567742,30.900074203741937,50.34004639258066,36.09941269161291,9.51628748535484
1963-09-01,24.17975565329999,23.579438496899993,39.26602783999999,29.538247000599995,8.975496604099998
1963-10-01,5.184723341032258,8.077608968419353,9.32629057645161,11.496639881999998,0.0
1963-11-01,0.0,0.0,0.0,0.0,0.1670693973
1963-12-01,0.0,0.0,0.0,0.0,0.3498500774516129
1964-01-01,0.0,0.0,0.0,0.0,0.00018268933548387097
1964-02-01,0.0,0.0,0.0,0.0,0.6475769976
1964-03-01,0.0,6.0671128314193545,6.146582692354838,7.4181004673225805,0.3799938178064516
1964-04-01,9.796685167100001,20.6760177845,45.3230014133,27.784490276399996,2.7278562609999994
1964-05-01,25.836839270806454,24.38263216035484,49.89702475403229,33.12157652322581,8.114146835516133
1964-06-01,22.951748388400002,24.963188420300003,52.84395597649996,34.95714762149999,9.0878200972
1964-07-01,31.555015471451615,31.4271329366129,54.76569554467742,36.021769724032254,9.450519324580648
1964-08-01,31.468238037096775,28.342423506967748,51.12104330177418,34.8205873432258,9.411241117451615
1964-09-01,24.697010058499995,20.8166581246,38.94227188930002,29.374009288000007,8.9150873305
1964-10-01,7.158681610935484,7.762469864709676,9.308021642903226,12.300472958129033,0.06037882537741935
1964-11-01,0.0,0.0,0.0,0.0,0.3095975272
1964-12-01,0.0,0.0,0.0,0.0,0.28316847
1965-01-01,0.0,0.0,0.0,0.0,0.0
1965-02-01,0.0,0.0,0.0,0.0,0.09738972736071429
1965-03-01,0.0,5.857020095612905,2.680965998225806,5.327221022709677,0.050148222590322575
1965-04-01,6.1475874837,16.776787952600007,37.49528100759999,26.219512532199996,1.3846938183000004
1965-05-01,25.44953787958065,24.949882547032253,55.13107421564514,35.441731083870984,7.154114377548389
1965-06-01,27.440912532799995,28.718002332499996,56.47323186699998,36.06150465449999,9.354942353899997
1965-07-01,32.43192428177421,31.153098933387096,54.930115946612915,36.327774360967716,9.486143744999994
1965-08-01,30.088933554193556,29.36182999896774,50.673454429838685,34.590398780516125,9.417635244193548
1965-09-01,24.479914231500004,19.8142417408,38.89507714430002,28.970966165699995,7.480367082500001
1965-10-01,7.989004640709677,8.930768165129034,8.541639880548386,13.238582695838707,0.08869567237741935
1965-11-01,0.0,0.0,0.0,0.0,0.33168466786
1965-12-01,0.0,0.0,0.0,0.0,0.2650822257870967
1966-01-01,0.0,0.0,0.0,0.0,0.0
1966-02-01,0.0,0.0,0.0,0.0,0.07342153900714285
1966-03-01,0.0,5.43774807067742,3.546000001741935,4.487763526161291,0.3653786709677419
1966-04-01,7.3114098954,19.865212065399998,36.1389040363,24.9244887294,1.3941327673
1966-05-01,26.51461670545162,28.670350864161293,55.86639879096777,36.231862459838695,8.136983002451611
1966-06-01,28.81994298169999,29.576946691499995,54.9205247565,35.839689353000004,9.4266783663
1966-07-01,27.628108205225804,29.513462147419336,53.2676429937097,35.3869242832258,9.429510051
1966-08-01,33.34537095919354,31.695686259774188,49.96096602145162,35.63812211951613,9.36465533690323
1966-09-01,23.458619949700005,20.7902290674,37.61987513440001,29.8657785309,7.386921487399996
1966-10-01,6.469942816161289,9.162783621193551,8.501448226741934,12.505998460548387,0.0
1966-11-01,0.0,0.0,0.0,0.0,0.0
1966-12-01,0.0,0.0,0.0,0.0,0.0
1967-01-01,0.0,0.0,0.0,0.0,0.0
1967-02-01,0.0,0.0,0.0,0.0,0.3296890043571429
1967-03-01,0.0,6.20047604632258,7.846506959032259,5.097032459999999,0.7919582693225807
1967-04-01,8.8839387988,15.716793979899995,38.92622567599999,23.814468327000004,1.1468323034999994
1967-05-01,19.74323648574193,23.119335405483866,50.74653016403226,32.05101701729031,4.922564144612903
1967-06-01,22.713886873599996,30.618062766200005,55.793627538999985,36.21724731300001,9.120856418700003
1967-07-01,32.90326276732259,32.39538641467742,55.27722568403229,36.12681609193547,9.487970638354836
1967-08-01,33.63310666258064,31.31660588864516,50.700857830161276,35.93499228967742,9.550998459096776
1967-09-01,25.711697076000004,23.341576982099994,38.945103574,30.622782240700005,9.4710414266
1967-10-01,6.872772800903225,10.725690886258066,8.631157654935482,13.756506961935482,0.01954775889677419
1967-11-01,0.0,0.0,0.0,0.0,0.43862796003000004
1967-12-01,0.0,0.0,0.0,0.0,0.08769088103225806
1968-01-01,0.0,0.0,0.0,0.0,0.0
1968-02-01,0.0,0.0,0.0,0.0,0.0941291052
1968-03-01,0.0,6.9358006216451615,5.791251934838708,4.975544051903225,0.7243632151935486
1968-04-01,9.9382694021,18.6834556506,42.062788428699996,25.544627678700007,2.3946613613000003
1968-05-01,24.50686090848387,27.682915005870974,55.546692453870975,34.637898007741946,8.885095831258065
1968-06-01,28.671751482400005,30.1999173255,53.160160768,36.037907282000006,9.4993582736
1968-07-01,32.2711576665484,32.46846214887098,54.295270505806464,36.090278224838706,9.766571874967742
1968-08-01,26.471684711612895,29.117939736096773,48.988145310000014,34.63333077435483,9.63960278680645
1968-09-01,19.194102791500004,18.314392744699997,39.223552569500015,26.92554591740001,7.9126709467000005
1968-10-01,6.024180837580644,10.500983003612898,6.744890266064514,11.774327671935483,0.0
1968-11-01,0.0,0.0,0.0,0.0,0.0
1968-12-01,0.0,0.0,0.0,0.0,0.0
1969-01-01,0.0,0.0,0.0,0.0,0.0
1969-02-01,0.0,0.0,0.0,0.0,0.0
1969-03-01,0.0,2.077177744451613,2.3987109749032256,3.081055642935484,0.0
1969-04-01,3.2970248857,13.382541892199999,25.615419796199998,19.340406501000004,0.6641244516399999
1969-05-01,20.55985781535483,25.484248853322587,52.112132946774175,32.97907884154839,6.636190111451613
1969-06-01,27.8033681744,31.656347156199992,56.21366076949996,35.30638873450001,9.345503404899999
1969-07-01,33.25402629145161,32.52783618290322,55.158477615967755,35.706630620322564,9.591190112903224
1969-08-01,31.913086569000004,30.789547155774194,49.60015458387095,35.12659198016129,9.650564146935483
1969-09-01,23.247187492100004,19.885977753200002,40.06833850499997,28.1677116058,8.2184928943
1969-10-01,3.3094173122903223,8.136983002451613,9.358261210161292,10.935783622064516,0.0
1969-11-01,0.0,0.0,0.0,0.0,0.14630370950000002
1969-12-01,0.0,0.0,0.0,0.0,0.31513910370967746
1970-01-01,0.0,0.0,0.0,0.0,0.0
1970-02-01,0.0,0.0,0.0,0.0,0.4744083188464286
1970-03-01,0.0,5.253231841838709,4.875978364064516,3.5679227219999996,0.2063476044290323
1970-04-01,4.8063128308000005,15.158008199100003,29.708148082600005,22.110738032500002,1.2667069558
1970-05-01,23.532213303677416,26.898264309967743,50.94748843306451,32.62283463735484,7.237238025193546
1970-06-01,28.792570029599997,31.620479149999994,56.14286865199998,34.994903417500005,9.650381457599995
1970-07-01,34.523717173064526,32.72879445193549,54.73372491096772,36.14965225887096,9.730947454548389
1970-08-01,33.29969862532258,30.697289041354857,51.16671563564519,34.90736477758063,9.78392736183871
1970-09-01,24.9443105223,20.669410520200003,39.01967127110003,28.406517015500008,8.426149772299999
1970-10-01,6.701958272225805,9.178312214709676,9.355520870129032,11.672935090741934,0.0
1970-11-01,0.0,0.0,0.0,0.0,0.040776259679999996
1970-12-01,0.0,0.0,0.0,0.0,0.5681638333548386
1971-01-01,0.0,0.0,0.0,0.0,0.03955224113225806
1971-02-01,0.0,0.0,0.0,0.0,0.11124475607142857
1971-03-01,0.0,5.685292120258063,4.868670790645161,3.870273572225807,0.34829721810000003
1971-04-01,1.8604168479,14.853130146400003,24.887676828299995,19.79630773769999,0.953333849
1971-05-01,22.824292128677417,28.381701714096753,49.805680086290316,33.22205565774194,6.521095830096774
1971-06-01,24.5865743552,28.03367853,56.06263758550001,34.820282861,9.196368010699995
1971-07-01,30.601377140225804,31.92039414241936,57.23656880709677,35.93499228967741,9.534556418903223
1971-08-01,34.688137575000006,32.65571871774193,54.783964478225826,36.195324592741926,9.599411132999995
1971-09-01,24.46669970290001,17.518689344,38.79691207470002,27.842067865300006,8.860341426299998
1971-10-01,7.61631839632258,9.820465228935484,9.22946522864516,12.841233391161289,0.03562442041935483
1971-11-01,0.0,0.0,0.0,0.0,0.23880540969999997
1971-12-01,0.0,0.0,0.0,0.0,0.32610046383870966
1972-01-01,0.0,0.0,0.0,0.0,0.0
1972-02-01,0.0,0.0,0.0,0.0,0.21755150039999996
1972-03-01,0.0,6.321964454419354,3.920513139483871,4.482282846096774,0.07946986093548387
1972-04-01,3.6358831548,16.283130919899996,29.205995995799995,22.588348851899998,1.13984748124
1972-05-01,18.835270488387103,25.628573428354837,51.54579600677421,34.31362443725805,6.4169629088709685
1972-06-01,20.206902019199998,29.308880539900006,55.685079625499974,34.32945751299999,8.221324579000003
1972-07-01,29.20745751048387,32.151496151806455,57.30507730790323,35.19053324758064,9.541863992322577
1972-08-01,31.386941282806458,30.778585795645167,54.025803735967706,35.09918857983871,9.595757346290322
1972-09-01,25.596541898199998,22.880956270899997,41.201012385000006,29.525976366899997,8.317601858800002
1972-10-01,5.482506957870968,9.083313760258067,8.655820715225808,13.763814535354834,0.0
1972-11-01,0.0,0.0,0.0,0.0,0.4172015458
1972-12-01,0.0,0.0,0.0,0.0,0.09956568783870967
1973-01-01,0.0,0.0,0.0,0.0,0.0383647604516129
1973-02-01,0.0,0.0,0.0,0.0,0.5228503535357143
1973-03-01,0.0,4.851315303774193,8.400969092225806,4.528868626645162,0.5782117468064517
1973-04-01,13.5146871782,20.707166316199995,40.98014097840001,26.01657512869999,2.67263840935
1973-05-01,30.252440509451613,28.400884094322574,53.473168496129034,34.488092752645144,9.369222570290324
1973-06-01,28.870913306300004,29.01249754129999,50.03114917450002,34.027411145,9.673978830099994
1973-07-01,30.262488422903214,30.056962920483866,49.80568008629033,33.64680836274194,9.668833080483871
1973-08-01,29.881581158419365,28.016323043129024,46.47616694709677,33.313400325483876,9.684361674
1973-09-01,9.0481765114,12.5877823864,25.791928142499994,27.831685021400002,7.385222476580001
1973-10-01,0.0,0.0,20.319621339193553,1.6241081924516128,0.0056633694
1973-11-01,0.0,0.0,12.319716234800001,0.0,0.6248584237999998
1973-12-01,0.0,0.0,0.0,0.0,0.0
1974-01-01,0.0,0.0,0.0,0.0,0.0
1974-02-01,0.0,0.0,0.0,0.0,0.0
1974-03-01,0.0,4.050222567677419,2.7924064928709678,5.336355489483871,0.018451622883870967
1974-04-01,2.1313146842000004,13.391036946299996,22.099411293699994,19.393264615400003,0.43041607439999996
1974-05-01,20.38264915993548,23.29745750758066,44.63100465870969,30.161095841709688,4.321516230870967
1974-06-01,24.796119022999996,33.140149939000004,56.35052553000005,35.518765087000006,9.342671720200004
1974-07-01,29.749131390193547,32.19442814564517,55.491885653225815,35.090967559741955,9.83873416248387
1974-08-01,33.413879460000004,30.90646833048386,50.95205566645163,35.21062907448386,9.851522415967745
1974-09-01,29.447633090199997,26.293136334399996,44.731179311000005,30.904062920900003,9.336064455899999
1974-10-01,9.840561055838707,12.245666157483875,9.878925816290321,13.175554875096777,0.05234049461612903
1974-11-01,0.0,0.0,0.0,0.0,0.15196707889999997
1974-12-01,0.0,0.0,0.0,0.0,0.4338871717741935
1975-01-01,0.0,0.0,0.0,0.0,0.0
1975-02-01,0.0,0.0,0.0,0.0,0.0
1975-03-01,0.0,4.7572302959999995,3.7743616710967736,5.024870172483871,0.11308469866451613
1975-04-01,2.810919012199999,13.830891969699998,25.575776210400008,18.800498618200002,0.9240731071000002
1975-05-01,18.517391044645162,24.73613602451613,51.37680837145162,32.03000774370968,5.43409428396774
1975-06-01,25.4219213417,32.408631391499995,56.19006339699999,34.84388023350001,9.439892894900002
1975-07-01,30.830652256258066,32.83384081983871,54.33180837290325,35.626247312709665,9.684361673999998
1975-08-01,30.174797541870966,29.490625980483866,47.252596622903226,34.84799074354839,9.748302941419354
1975-09-01,25.483274510199987,22.01446075270001,39.605830004000005,28.316847000000017,8.534697685800001
1975-10-01,9.664265847096775,10.324687794870968,9.541863992322583,13.609442046870965,0.029230293677419354
1975-11-01,0.0,0.0,0.0,0.0,0.0
1975-12-01,0.0,0.0,0.0,0.0,0.39278207129032255
1976-01-01,0.0,0.0,0.0,0.0,0.07946986093548387
1976-02-01,0.0,0.0,0.0,0.0,0.36196742009999994
1976-03-01,0.0,5.895384856064515,7.540502322096775,3.5670092753225804,0.010595981458064516
1976-04-01,3.9851242678000003,16.7664051087,31.824360448400004,21.314090736899995,0.8507324733699999
1976-05-01,23.883890274483857,28.348817633709682,55.149343149193584,33.74272026387098,7.278343125677423
1976-06-01,27.536245917700008,30.305633554299995,55.49630064549999,34.04062567360001,9.092539571699998
1976-07-01,29.265004651161284,31.879289041935476,54.678918110322556,35.569613618709674,9.743735708032263
1976-08-01,28.06930295041936,28.909673893645156,48.35329986919351,34.83885627677418,9.772052555032264
1976-09-01,26.14494483510001,22.2929097482,46.41603170750002,30.0205772945,9.255833389399998
1976-10-01,10.589587331322582,10.91751468851613,15.455517781935486,14.321930455258066,0.03379752706451613
1976-11-01,0.0,0.0,0.0,0.0,0.09542777439
1976-12-01,0.0,0.0,0.0,0.0,0.4960015458387096
1977-01-01,0.0,0.0,2.1968392591935486,0.0,0.0
1977-02-01,0.0,0.0,15.473134253571429,0.0,0.0
1977-03-01,0.0,0.0,19.24175425983871,2.012323030354839,0.0
1977-04-01,4.1748471427,10.015668783899999,20.241826130500005,20.2871330857,1.9953938185999998
1977-05-01,19.055411137645162,14.03236785851613,36.34147606112902,27.006964464580637,7.48843586148387
1977-06-01,21.2876616797,20.0757006281,40.337348551499986,31.140036645900015,8.373291657899996
1977-07-01,26.040537879870964,25.320741898064515,46.61775118209676,34.03502320064516,9.475182384870964
1977-08-01,23.30659197435484,27.113837725838707,47.04250388709677,34.07612830112904,9.655131380322578
1977-09-01,16.649362141100003,20.71188579069999,40.186325367500004,25.05097064600001,8.0429284429
1977-10-01,0.0,0.0,12.075765075483874,1.2030092741612903,0.14432457503225804
1977-11-01,0.0,0.0,0.0,0.0,0.028316846999999996
1977-12-01,0.0,0.0,0.0,0.0,0.11144049464516129
1978-01-01,0.0,0.0,0.0,0.0,0.0
1978-02-01,0.0,0.0,0.0,0.0,0.20024056092857132
1978-03-01,0.0,4.151615148870968,3.923253479516129,4.935352398096774,0.11783462138709683
1978-04-01,2.4182587338,15.248622109499998,20.921430458500005,16.867401862999998,1.0335649154999997
1978-05-01,18.188550240774195,23.159527059290316,47.68100311461291,26.434233397838707,6.395953635290324
1978-06-01,25.84667404670001,31.103224744799995,56.35524500450002,32.97308054169999,9.008532925599999
1978-07-01,28.413672347806457,31.309298315225803,53.49874500309676,34.45794901229032,9.552825352451613
1978-08-01,31.259972194645158,29.396540972709676,50.996814553645166,33.55089646161289,8.973700158967743
1978-09-01,20.27580634689999,19.496149159500003,37.591558287399984,24.75269985759999,6.730914531899998
1978-10-01,9.561959819225807,9.92551159683871,7.629106649806452,13.889870176838714,0.036537867096774194
1978-11-01,0.0,0.0,0.0,0.0,0.0
1978-12-01,0.0,0.0,0.0,0.0,0.0
1979-01-01,0.0,0.0,0.0,0.0,0.0
1979-02-01,0.0,0.0,0.0,0.0,0.0
1979-03-01,0.0,3.7076800636451606,4.210989182903226,6.085381764967742,0.9965703250645165
1979-04-01,4.1871177764,17.120365696199997,29.281507587799993,20.3381034103,1.8764630612
1979-05-01,24.200856271548393,29.22663989070968,55.455347786129046,31.195117480548376,8.093137561935484
1979-06-01,29.3343657022,31.208940973599997,51.1194599942,35.5008310839,9.470097531699995
1979-07-01,28.65390882396774,29.551826907870964,46.496262773999995,32.87951315370968,9.615853173193544
1979-08-01,16.303196298580648,14.12005873954839,35.12019785341934,28.661216397387104,9.46970170480645
1979-09-01,1.6659744984999991,0.0,20.294684244900004,18.0132902716,7.096201858200002
1979-10-01,0.0,4.319689337516129,7.405312213838709,8.999276665935485,0.03197063370967742
1979-11-01,0.0,2.0926149933000002,0.0,0.0,0.0
1979-12-01,0.0,0.0,0.0,0.0,0.0
1980-01-01,0.0,0.0,0.0,0.0,0.0
1980-02-01,0.0,0.0,0.0,0.0,0.0
1980-03-01,0.0,2.6088037107096773,4.09224111483871,3.0956707897741937,0.0
1980-04-01,1.8585290580999998,14.3037833146,23.401986255700006,19.7245717253,0.6503435861
1980-05-01,18.68911902,25.674245762225798,51.80795520319355,33.310659985451615,6.460808349387096
1980-06-01,23.5888774459,25.917466164200004,53.512233565699994,31.1589145439,4.700596602000001
1980-07-01,28.12136941103226,32.31774344709678,52.996349330516104,33.6449814693871,5.852452862225808
1980-08-01,30.728346228387096,31.759627527193544,49.47044515567744,34.907364777580646,9.333598149870967
1980-09-01,24.21090418499999,20.522162915799992,40.84799569239999,27.282338189599997,7.9268293701999974
1980-10-01,10.542088104096772,10.587760437967741,9.906329216612905,14.921151475645162,0.0
1980-11-01,0.0,0.0,0.0,0.0,0.0
1980-12-01,0.0,0.0,0.0,0.0,0.0
1981-01-01,0.0,0.0,0.0,0.0,0.0
1981-02-01,0.0,0.0,1.680807132642857,0.0,0.0
1981-03-01,0.0,2.864568780387097,10.736652246387095,2.8590881003225803,0.0
1981-04-01,3.5216718718999998,14.7606284462,28.263988885599993,18.781620720200003,2.3484105112
1981-05-01,19.737755805677416,22.717418867419358,48.153255046838694,31.274587341483862,8.056599694838713
1981-06-01,21.976704956699997,25.888205422299997,48.72857421249999,32.5879714225,8.3242091231
1981-07-01,27.288306041225805,30.167489968451612,50.59581146225807,34.10627204148387,9.165523961225809
1981-08-01,30.831565702935485,30.0962411276129,47.89018240374194,34.77765534938709,9.30436785619355
1981-09-01,32.9551465386,22.714830768499997,42.898135415199995,30.337725980900007,8.9585064959
1981-10-01,7.4637728011935485,8.370825351870966,9.636862446774195,12.408259666064517,0.0
1981-11-01,0.0,0.0,0.0,0.0,0.0
1981-12-01,0.0,0.0,0.0,0.0,0.0
1982-01-01,0.0,0.0,0.0,0.0,0.0
1982-02-01,0.0,0.0,0.0,0.0,0.0
1982-03-01,0.0,3.182448224129032,3.067353942774193,3.491193201096774,0.04932612058064516
1982-04-01,3.9369856279000004,13.6222911968,26.796232316099996,17.405421956,1.1515517780000002
1982-05-01,20.82567079848387,25.533574973903235,51.29185783045162,30.817864002774197,6.27263833383871
1982-06-01,25.99014607149999,30.6208944509,53.88224036650002,34.0283550399,8.600770328799998
1982-07-01,27.834547154322575,29.58562443493549,52.71044052048387,35.06447760609677,9.464221024741933
1982-08-01,30.770364775548376,28.837511606129024,47.643551800838715,34.17660743564515,9.433163837709678
1982-09-01,29.362682549199995,20.211621493699997,39.0149517966,29.499547309699995,8.011779911200001
1982-10-01,6.04610355783871,8.834856263999999,8.915239571612904,11.198856265161291,0.0
1982-11-01,0.0,0.0,0.0,0.0,0.0
1982-12-01,0.0,0.0,0.0,0.0,0.0
1983-01-01,0.0,0.0,0.0,0.0,0.0
1983-02-01,0.0,0.0,0.0,0.0,0.0
1983-03-01,0.0,3.3331669259032255,3.0308160756774187,3.4226847002903233,0.0
1983-04-01,1.4016839264999998,13.8035190176,22.799781309500002,17.069395371600002,0.7947595058
1983-05-01,19.473769715903224,24.02182072277419,46.73284546345162,29.034816088451606,5.279721795483871
1983-06-01,27.166239116899998,29.283395377600005,53.4895800881,34.493695225599986,8.8962094325
1983-07-01,28.872222579870964,27.272777447709675,52.461069577548386,35.53398919829032,8.738944362870969
1983-08-01,31.131176213129038,29.909898005419343,48.455605897064515,35.52120094480646,9.079659973548384
1983-09-01,29.428755192199993,19.3696672429,37.98610635560001,28.356490585800007,7.0065318427
1983-10-01,7.7670370980967745,10.497329216903227,8.646686248451612,13.881649156741933,0.0
1983-11-01,0.0,0.0,0.0,0.0,0.0
1983-12-01,0.0,0.0,0.0,0.0,0.0
1984-01-01,0.0,0.0,0.0,0.0,0.0
1984-02-01,0.0,0.0,0.0,0.0,0.0
1984-03-01,0.0,3.6647480698064516,6.914791348064516,4.274017003645161,0.04658578054838709
1984-04-01,3.1865891824,14.866344674999997,25.841010677299998,18.562637103399997,1.6253870177999994
1984-05-01,18.988729530193545,22.84073416887097,46.77121022390324,26.413224124258065,5.404863990290322
1984-06-01,24.0343958387,28.94076152889999,53.731217182499975,32.370875595499996,8.4525788295
1984-07-01,30.635174667290322,32.417309134935486,52.73327668741937,35.122024746774215,8.98648841245161
1984-08-01,34.19122258248386,32.330531700580636,48.05186246564517,35.77696601448386,9.371049463645157
1984-09-01,33.25624901169999,22.3552068116,40.285434332000015,30.742656893000003,8.600770328799998
1984-10-01,9.740081921322579,9.040381766419353,10.147479139451614,13.202044828741936,0.0
1984-11-01,0.0,0.0,0.0,0.0,0.0
1984-12-01,0.0,0.0,0.0,0.0,0.0
1985-01-01,0.0,0.0,0.0,0.0,0.0
1985-02-01,0.0,0.0,0.0,0.0,0.0
1985-03-01,0.0,3.746958270774193,4.160749615645161,7.555117468935484,0.0
1985-04-01,5.3320622901,18.620214692300003,28.254549936599997,22.7431476155,1.5309975277999999
1985-05-01,27.385131389032257,28.294924279741934,52.19982382780646,32.92518548758064,4.774585782870967
1985-06-01,29.792154728699998,30.22162690819999,55.8757463953,34.466322273500005,9.6947445179
1985-07-01,33.80757497796774,32.582642983548396,52.025355512419345,36.559789817032254,9.20388872167742
1985-08-01,31.552275131419357,30.893680077,48.96622258974194,35.39331840996776,9.382924270451612
1985-09-01,28.193196768100005,19.530129375899996,40.05134839680001,29.324926753199993,7.461489184499996
1985-10-01,4.014598147258065,0.1580262751935484,1.142721793451613,10.969581149129032,0.0
1985-11-01,0.0,0.0,0.0,0.0,0.0
1985-12-01,0.0,0.0,0.0,0.0,0.0
1986-01-01,0.0,0.0,0.0,0.0,0.0
1986-02-01,0.0,0.0,0.0,0.0,0.0
1986-03-01,0.0,4.475888719354838,3.4930200944516128,3.1641792905806443,0.0
1986-04-01,4.3674017023000005,16.958015773399996,30.514234327199997,22.004077908800006,0.6947066464
1986-05-01,25.46323957974194,22.672659980225806,47.172176777423225,29.898023198612908,3.9716661534193536
1986-06-01,29.243751791799994,29.279619798,54.307936966400014,35.34980789989999,8.156969824717999
1986-07-01,30.545656892903217,30.648611467915163,50.57388874200001,35.79888873474193,7.984821054927098
1986-08-01,33.42964554965226,30.31181454348386,47.8746538102258,35.25264762164516,8.996627670570966
1986-09-01,23.133533107190992,18.3663069642,37.67367714370001,26.975572347100005,4.606641303653999
1986-10-01,0.0,0.12240185477419355,4.816604330032257,8.818414223806451,0.0
1986-11-01,0.0,0.0,0.0,0.0,0.0
1986-12-01,0.0,0.0,0.0,0.0,0.0
1987-01-01,0.0,0.0,0.0,0.0,0.32701391051612894
1987-02-01,0.0,0.0,0.0,0.0,0.0
1987-03-01,0.0,4.365361671387096,7.74511437783871,2.9257697077741933,0.020095826903225804
1987-04-01,6.9244129864,17.3761612141,30.851204806500007,19.463112837999997,1.5857434320000001
1987-05-01,26.11726740077419,28.449296768225814,51.91208812441935,31.572370958322587,7.844680065677418
1987-06-01,28.2394476182,28.3763123787,50.9118031162,33.64702150029999,8.687608659599997
1987-07-01,27.99165998283871,28.41549924116129,42.886321504838705,35.07087173283871,8.313278211193548
1987-08-01,26.455242671419352,22.63246832641936,39.76142042138711,34.07795519448386,8.53433230712903
1987-09-01,13.182436173399998,9.448387948999999,25.617307585999992,26.205354108700003,6.5836669274999995
1987-10-01,0.0,0.0,11.144962911193549,8.660387948612902,0.0
1987-11-01,0.0,0.0,0.0,0.0,0.0
1987-12-01,0.0,0.0,0.0,0.0,0.0
1988-01-01,0.0,0.0,0.0,0.0,0.0
1988-02-01,0.0,0.0,4.69669083,0.0,0.0
1988-03-01,0.682344668032258,14.280825354774194,13.540933546064517,5.565630605516128,0.4859536323870967
1988-04-01,9.469153636800002,18.749528293599997,33.9802164,21.631239423299995,1.8887336948999995
1988-05-01,23.490194756516125,23.24539104696774,44.04091810509678,27.317536334903227,5.314432769225807
1988-06-01,23.8173000117,21.049800164899995,52.75522985589999,32.02635395699999,6.425092584299999
1988-07-01,28.761695531903225,25.38833695219355,49.58919322374193,33.89343896564516,8.303230297741937
1988-08-01,30.04600156035483,27.228932007193546,49.675057211419364,33.68974035658065,8.511496140193547
1988-09-01,25.7862647731,21.31786631650001,34.27376771390001,27.29649661310001,6.606320405099999
1988-10-01,1.109837713064516,9.965703250645165,9.41672179751613,11.253663065806455,0.07946986093548386
1988-11-01,0.0,0.0,0.0,0.0,0.0
1988-12-01,0.0,0.0,0.0,0.0,0.0
1989-01-01,0.0,0.0,0.0,0.0,0.0
1989-02-01,0.0,0.0,0.0,0.0,0.0
1989-03-01,0.0,1.3610355493548387,3.1806213307741933,4.104115921645162,0.0
1989-04-01,3.1280676986,15.804576205600002,27.4267541093,19.617911601600003,0.6654459045000001
1989-05-01,24.145136024225806,23.82817002716129,50.44691965383871,31.270933554774203,4.837613603612903
1989-06-01,30.4896930598,30.653930772399995,56.46756849759999,35.266745148700004,7.9324927396
1989-07-01,31.829962921354838,31.261799087999997,52.21078518793549,35.7121113003871,8.393661518806452
1989-08-01,31.444488423483868,28.161561064838708,46.540108214516124,34.76486709590322,7.733239571032256
1989-09-01,30.986181777200002,20.2644796081,38.7336711164,30.935211452600004,6.471343434399999
1989-10-01,13.954724890935484,10.210506960193548,9.139034007580642,15.30023184677419,0.0
1989-11-01,0.0,0.0,0.0,0.0,0.0
1989-12-01,0.0,0.0,0.0,0.0,0.0
1990-01-01,0.0,0.0,0.0,0.0,0.0
1990-02-01,0.0,0.0,0.0,0.0,0.0
1990-03-01,0.0,5.9803353970645174,12.929837718870967,7.098394130225807,0.16615595062258062
1990-04-01,12.794589758989998,22.455259671000004,45.6543085232,26.3186214967,2.9892207588099997
1990-05-01,23.72221021258065,23.59980835780645,51.03791965412903,31.304731081838703,5.05775425287097
1990-06-01,22.953636178199996,25.939175746899995,51.02507050419999,32.7503213453,6.304274037099998
1990-07-01,31.49198765070968,31.70938795993548,54.00205412235485,35.44629831725807,8.884182384580646
1990-08-01,29.261350864451607,28.610976830129033,47.20235705564514,34.59131222719355,7.429061827451613
1990-09-01,32.016915008,19.7736542601,40.015480390600004,29.821415470600005,6.633693357199999
1990-10-01,17.254094289774194,9.465134471419354,9.468788258129033,17.78754714938709,0.02648995364516129
1990-11-01,0.0,0.0,0.0,0.0,0.0
1990-12-01,0.0,0.0,0.0,0.0,0.0
1991-01-01,0.0,0.0,0.0,0.0,0.0
1991-02-01,0.0,0.0,0.0,0.0,0.0
1991-03-01,0.0,4.822085010096774,4.97006337183871,7.5322813019999995,0.24571715622580645
1991-04-01,8.664955182,20.110624739399995,31.199502024600008,22.473193674099996,2.557955178999999
1991-05-01,23.057221031419356,26.268899549225804,53.87417158751612,31.41251778977419,6.228792893322581
1991-06-01,24.670581001299997,26.604621651400002,53.561316100500015,32.68141701759999,5.046062135400001
1991-07-01,30.251527062774194,31.66006183935484,54.275174678903234,34.72010820870967,8.735290576161288
1991-08-01,31.828136028000007,31.634485332387097,49.3937156347742,36.8447851803871,8.439333852677418
1991-09-01,32.86830820779999,22.812995838099997,37.9077630789,32.0131394284,7.516235088699999
1991-10-01,15.865655340096776,12.566285941258066,11.62726275687097,16.891455958838716,0.07581607422580645
1991-11-01,0.0,0.0,0.0,0.0,0.0
1991-12-01,0.0,0.0,0.0,0.0,0.0
1992-01-01,0.0,0.0,0.0,0.0,0.0
1992-02-01,0.0,0.0,0.0,0.0,0.0
1992-03-01,0.0,6.191341579548387,9.345472956677419,3.873013912258064,0.3187928904193548
1992-04-01,4.2890584256,17.504530920499995,33.6810017167,19.617911601600003,2.3210375590999996
1992-05-01,25.932751171935482,23.638173118258074,51.8527140903871,30.97954406467742,6.71017929232258
1992-06-01,25.6531755922,20.526882390299996,46.84644778189999,33.2505856423,8.120327824700002
1992-07-01,23.57879908422581,20.496829994612906,42.68901702251613,32.25654251970967,7.509445135064515
1992-08-01,22.213196301483872,20.22736322477419,37.233000018290305,33.23027667783871,8.63389799496774
1992-09-01,11.5476102066,9.3870347805,30.44155441990001,28.395190276700003,5.729442043
1992-10-01,1.0321947454838711,0.0,1.1600772803225807,3.625469862677419,0.011874806806451612
1992-11-01,0.0,0.0,0.0,0.0,0.0
1992-12-01,0.0,0.0,0.0,0.0,0.0
1993-01-01,0.0,0.0,0.0,0.0,0.0
1993-02-01,0.0,0.0,0.0,0.0,0.0
1993-03-01,0.0,0.0,0.6339319941290322,1.480697064096774,0.0
1993-04-01,3.0780412689000003,11.246507733500001,11.0983162342,15.260892743200001,0.6144755799
1993-05-01,19.433578062096775,20.691394136903224,40.23184546025806,26.32187945651613,5.63596599967742
1993-06-01,19.3583405041,17.914181307099998,44.1478522628,30.1517786856,5.7643661543
1993-07-01,26.676296767354838,20.109528603387087,43.50837869216129,30.511859365838706,7.126710977225805
1993-08-01,26.850765082741933,21.662387955000003,42.46339569319354,31.57145751164516,7.640981456612903
1993-09-01,26.610285020800003,19.6273505506,32.309522427,28.0601075872,7.4407234966999996
1993-10-01,1.5729551785161289,1.8168454413870967,7.502137561645163,13.523578059193547,0.06759505412903226
1993-11-01,0.0,0.0,0.0,0.0,0.0
1993-12-01,0.0,0.0,0.0,0.0,0.0
1994-01-01,0.0,0.0,0.0,0.0,0.0
1994-02-01,0.0,0.0,0.0,0.0,0.0
1994-03-01,0.0,4.200941269451613,9.086967546967742,3.8858021657419353,0.3516769708064515
1994-04-01,4.706259971400001,18.321000008999995,28.935098159500004,21.4972063475,2.2238163844
1994-05-01,20.13145132364516,8.431112832580645,39.02609584606451,26.09717157387097,6.012306030774193
1994-06-01,19.551838958600005,12.338594132800003,31.7110930604,26.620667864700003,6.631805567399997
1994-07-01,18.420565696838707,15.031678523612902,33.85050697180645,28.625591976967744,8.495967546677416
1994-08-01,13.582952093225801,15.328548693774191,33.457724900516126,28.65573571732259,8.429285939225805
1994-09-01,7.620063527699998,3.9851242677999994,19.834063533700007,24.07875889900001,7.1509477623999995
1994-10-01,0.39734930467741936,0.0,13.036710980129033,8.135156109096775,0.08860432770967741
1994-11-01,0.0,0.0,0.0,0.0,0.0
1994-12-01,0.0,0.0,0.0,0.0,0.0
1995-01-01,0.0,0.0,0.0,0.0,0.0
1995-02-01,0.0,0.0,0.0,0.0,0.0
1995-03-01,0.0,4.182672335903225,0.8001792894193547,3.5871051022258063,0.0
1995-04-01,1.6150041738999998,15.488371414099994,19.793476053,19.697198773200004,1.3799743438000003
1995-05-01,15.821809899580645,20.185344677612903,35.475528610935484,24.983680074096775,3.6135950558709693
1995-06-01,24.317564308699996,26.2761462262,51.72449662509999,34.90712119180001,6.968776046699999
1995-07-01,29.25312984435483,29.906244218709684,51.41882691861291,35.38783772990323,7.983523960645162
1995-08-01,31.09920557941935,29.03938332183871,46.779431244,35.65821794641936,8.075782075064517
1995-09-01,33.23737111370001,19.8472780623,38.4410636974,30.960696614899998,6.644076201099996
1995-10-01,13.961119017677417,6.772293666387098,10.929389495322583,13.95929212432258,0.9052256573225808
1995-11-01,0.0,0.0,0.0,0.0,0.0
1995-12-01,0.0,0.0,0.0,0.0,0.0
1996-01-01,0.0,0.0,0.0,0.0,0.0
1996-02-01,0.0,0.0,0.0,0.0,0.0
1996-03-01,0.0,2.6754853181612903,0.0,4.379063371548387,0.17264142203225802
1996-04-01,5.5604848558999995,14.935249002700008,9.7863023232,19.667938031300004,1.7197765077999996
1996-05-01,21.272346223741934,19.016132930516136,47.448987658548376,28.03093818996774,4.194547142709676
1996-06-01,25.30771005880001,27.461678220599996,54.461791835100016,33.93679723459999,7.8314959853
1996-07-01,29.94826276587096,30.28441114316129,51.956847011612915,36.32777436096773,8.747165382967742
1996-08-01,31.04348533209678,29.96196446603226,51.619785187645164,36.64930759141935,8.815673883774192
1996-09-01,28.424451018599996,19.954882080900003,34.89768224279999,31.47795102010001,6.714868318599998
1996-10-01,12.008170021354838,10.004981457774196,6.856330760709678,13.670642974258067,1.8698253486774195
1996-11-01,0.0,0.0,0.0,0.0,1.0146870175
1996-12-01,0.0,0.0,0.0,0.0,0.0
1997-01-01,0.0,0.0,0.0,0.0,0.0
1997-02-01,0.0,0.0,0.0,0.0,0.0
1997-03-01,0.0,2.3238083473548388,4.948140651580645,4.747182382548386,0.12331530145161293
1997-04-01,2.2757306039,15.686589343100005,21.124367861999996,21.362229376799995,1.2298950547000003
1997-05-01,20.029145295774192,22.25612829532258,44.27202011448387,27.922238035354834,5.043139106032259
1997-06-01,21.847391355399996,24.142943752200008,47.6808508735,32.255720417700005,6.258023187000001
1997-07-01,28.91698146706451,28.132330771161286,49.810247319677416,35.251734174967744,7.916842353193548
1997-08-01,31.79342505425806,28.1140618376129,51.53026741325806,35.32572335583871,8.460343126258062
1997-09-01,31.793211916699995,16.9683986173,32.386921808800004,28.2838106785,6.4873896477
1997-10-01,12.917962912064517,10.297284394548388,10.59415456470968,15.723157658419355,0.9719072647741936
1997-11-01,0.0,0.0,0.0,0.0,0.0
1997-12-01,0.0,0.0,0.0,0.0,0.0
1998-01-01,0.0,0.0,0.0,0.0,0.0
1998-02-01,0.0,0.0,0.0,0.0,0.0
1998-03-01,0.0,6.416962908870968,2.8581746536451615,4.040174654225806,0.09865224116129032
1998-04-01,4.451408348399999,16.6842862524,27.014272038000005,20.1776412773,1.7811296763000004
1998-05-01,22.96770325703226,20.575386408870973,45.13065999125804,29.404761992806463,5.228568781548388
1998-06-01,25.362455963000002,23.4208641537,47.880012697399984,31.991429845699994,7.403911595599999
1998-07-01,30.159268948354836,29.2421684842258,50.78946215787099,36.32594746761289,7.218969091645161
1998-08-01,31.934095842580643,26.191256581645156,48.55243124487096,35.69840960022581,8.276740344096774
1998-09-01,31.62236693980001,18.2436006272,30.667145301000005,29.062523971000008,7.654987638999999
1998-10-01,13.76290108867742,8.484092739870968,9.554652245806452,14.729327673387097,1.3783910362258065
1998-11-01,0.0,0.0,0.0,0.0,0.14158423499999997
1998-12-01,0.0,0.0,0.0,0.0,0.0
1999-01-01,0.0,0.0,0.0,0.0,0.0
1999-02-01,0.0,0.0,0.0,0.0,0.014158423500000001
1999-03-01,0.0,4.497811439612904,0.0,4.632088101193549,0.12696908816129027
1999-04-01,6.746016850299999,16.4152762059,22.5770221131,22.423167244400005,2.4050442051999994
1999-05-01,20.47034004096774,20.3077465323871,48.373395696096765,28.357952100483867,5.081503866483871
1999-06-01,22.636487491800004,24.9433666274,53.49996293199998,34.17560264430001,7.4822548723
1999-07-01,27.393352409129033,27.242633707354837,53.31879600764516,35.70114994025806,7.985350853999998
1999-08-01,30.309074203451612,26.330100476612902,49.65039415112903,34.72010820870968,8.392748072129033
1999-09-01,31.3892248995,18.494676670599997,32.6068493205,30.701125517399984,7.7087896483
1999-10-01,6.790562599935483,9.079659973548383,12.592775894903223,18.230568787935482,1.942901082870968
1999-11-01,0.0,0.0,0.0,0.0,0.0
1999-12-01,0.0,0.0,0.0,0.0,0.0
2000-01-01,0.0,0.0,0.0,0.0,0.0
2000-02-01,0.0,0.0,0.0,0.0,0.011717315999999998
2000-03-01,0.0,4.120557961838711,1.1573369402903224,5.436834623999999,0.1982179289999999
2000-04-01,8.613984857399998,17.511138184799997,18.523937412499997,21.3244735808,2.1303707892999997
2000-05-01,22.642516239870968,22.802369408419352,41.105100483870956,29.644085022290316,5.6076491526774195
2000-06-01,24.7177757463,24.803670182199998,52.16812722809998,36.1105871893,7.238729988099999
2000-07-01,30.75300928867742,27.311142208161296,55.08448843509678,36.42277281541935,8.605581147967744
2000-08-01,31.165887186870968,26.3675517903871,49.9691870415484,35.61528595258064,8.738853018203226
2000-09-01,31.604432936699997,16.714490889200004,32.4124069711,29.134259983399996,6.548742816200001
2000-10-01,15.451863995225805,8.434766619290325,10.345697068451615,14.60875271196774,0.20278516238709676
2000-11-01,0.0,0.0,0.0,0.0,0.0
2000-12-01,0.0,0.0,0.0,0.0,0.0
2001-01-01,0.0,0.0,0.0,0.0,0.0
2001-02-01,0.0,0.0,0.0,0.0,0.03640737471428572
2001-03-01,0.0,4.450312212387097,5.3089520891612905,5.5336599718064505,0.19182380225806456
2001-04-01,2.8401797541000002,11.0747188617,16.4671904254,15.4789324651,1.6603111291
2001-05-01,20.351591972903222,4.365361671387096,32.820139119677414,24.16614529780646,5.180156107645161
2001-06-01,22.577966007999997,12.0025675484,31.880994142399995,25.038700012299998,5.969191347599997
2001-07-01,21.32349923767742,16.211851630838712,33.25219939809677,29.01837404825806,7.349591966516129
2001-08-01,15.96522102793548,18.299077288741934,35.7879273746129,29.409329226193556,7.557857808967744
2001-09-01,10.847240190800001,11.615570639400003,23.5435704907,22.845088264700006,6.416597530199998
2001-10-01,0.0,0.0,9.935559510290322,10.408724889193548,0.8851298304193549
2001-11-01,0.0,0.0,0.0,0.0,0.0
2001-12-01,0.0,0.0,0.0,0.0,0.0
2002-01-01,0.0,0.0,0.0,0.0,0.0
2002-02-01,0.0,0.0,0.0,0.0,0.03944132260714285
2002-03-01,0.0,4.94174652483871,1.974871716580645,5.526352398387098,0.17629520874193552
2002-04-01,5.8257193227999995,14.967341429299994,21.576493519099998,21.422638650400003,1.8925092745
2002-05-01,22.76765843467742,17.19837404245162,40.870344687774185,30.568493059838712,3.6227295226451615
2002-06-01,23.249075281899998,20.440987954399997,46.953107905600014,32.677641437999995,6.225930760399998
2002-07-01,28.83751160612903,25.322568791419357,52.69217158693549,35.50841269132258,7.560598149
2002-08-01,30.336477603774192,24.759885638129035,44.18250234009678,35.17774499409678,7.779825351580648
2002-09-01,30.034735717999997,18.0784190197,30.5604851773,29.83274220939999,5.994676509899998
2002-10-01,11.034435863225807,9.833253482419357,10.386802168935484,13.455069558387095,0.7535935088709677
2002-11-01,0.0,0.0,0.0,0.0,0.0
2002-12-01,0.0,0.0,0.0,0.0,0.0
2003-01-01,0.0,0.0,0.0,0.0,0.0
2003-02-01,0.0,0.0,0.0,0.0,0.06067895785714285
2003-03-01,0.0,5.858846988967743,1.1363276667096773,5.611302939387096,0.3818207111612903
2003-04-01,5.395303248399999,13.914898615800004,19.111040040299994,18.8146570417,2.1218757351999993
2003-05-01,22.277137568903218,16.278533238290322,37.38006493335484,25.331703258193542,4.031040187451612
2003-06-01,24.9990564265,22.785622885999995,50.083063394,33.077852875599994,6.7696142228
2003-07-01,31.69385936641935,25.059496148322577,51.89747297758066,36.082057204741936,7.65651005012903
2003-08-01,30.418687804741936,23.29837095425807,44.97263371606452,34.97952706509677,7.229017005096774
2003-09-01,28.956807742199995,16.4190517855,29.494827835200002,27.4796122237,5.705844670500001
2003-10-01,5.857020095612905,9.89445440980645,10.770449773451611,12.552584241096772,1.7620386407419353
2003-11-01,0.0,0.0,0.0,0.0,0.0
2003-12-01,0.0,0.0,0.0,0.0,0.0
2004-01-01,0.0,0.0,0.0,0.0,0.0
2004-02-01,0.0,0.0,0.0,0.0,0.10740873
2004-03-01,0.0,5.724570327387097,0.0,4.903381764387096,0.30326429690322576
2004-04-01,7.3746508536999995,14.764404025799994,17.1939894984,19.9803672432,2.1907800629000005
2004-05-01,20.939851633161286,16.27031221819355,39.95233077696774,26.210438961870974,4.68689490183871
2004-06-01,23.0329233498,20.496677753500002,45.05871084129999,30.02057729449999,6.619534933699999
2004-07-01,31.09555179270968,25.166369409580646,46.92375581903226,34.91467235100001,7.699442043967742
2004-08-01,27.946901095645163,22.58131531248387,46.17107575683872,33.632193215903214,6.908397221322579
2004-09-01,26.1336180963,15.548780687700003,31.787548547300002,26.786793367100017,4.725137869399999
2004-10-01,12.453931999935484,8.881442044548383,9.240426588774191,13.705353948,0.44302163854838705
2004-11-01,0.0,0.0,0.0,0.0,0.0
2004-12-01,0.0,0.0,0.0,0.0,0.0
2005-01-01,0.0,0.0,0.0,0.0,0.0
2005-02-01,0.0,0.0,0.0,0.0,0.0
2005-03-01,0.0,6.6188346245806455,2.985143741806452,2.578623432487742,0.23475579609677405
2005-04-01,5.686022877599999,2.161519321,21.887034941199992,16.103007456133,2.586272026
2005-05-01,18.294510055354838,12.552584241096774,33.04393355564516,19.58937552739742,3.7734482244193543
2005-06-01,21.174394291700004,14.711545911400002,34.698520418899996,25.393189180944,6.663897994000001
2005-07-01,20.19904637777419,18.03235085893548,35.104669259903226,28.35990687637355,7.384302940258065
2005-08-01,13.10976844538903,21.63772489470967,35.63355488612903,29.161136629471933,7.778911904903226
2005-09-01,14.182870377910003,14.0243904242,28.535830616800002,23.319735254113994,5.5963528621
2005-10-01,0.13519010825806452,0.09865224116129033,8.346162291580645,10.783238026935484,1.1399814534193546
2005-11-01,0.0,0.0,0.0,0.0,0.0
2005-12-01,0.0,0.0,0.0,0.0,0.0
2006-01-01,0.0,0.0,0.0,0.0,0.0
2006-02-01,0.0,0.0,0.0,0.0,0.04550921839285714
2006-03-01,0.0,4.222863989709677,1.842421948354839,3.988108193612903,0.010047913451612902
2006-04-01,4.502378673,11.944989959500003,14.612436946899997,15.731896298299997,0.8683833079999999
2006-05-01,19.716746532096767,17.986678525064512,40.08660743854838,26.581298312903215,4.275843897
2006-06-01,19.776485944799997,19.2412975365,45.766632016299994,27.6702789935,6.241976973699999
2006-07-01,30.353833090645157,27.968823815903225,50.22129832451612,35.34855952277418,8.000879447516128
2006-08-01,30.774018562258068,25.544536334032262,49.30237096703226,34.89000929070967,7.912275119806452
2006-09-01,29.256022425500003,16.63897929719999,29.668504496799997,28.4622068146,5.583138333500002
2006-10-01,11.98168006770968,8.667695522032258,12.492296760387097,12.914309125354839,1.1052704796774193
2006-11-01,0.0,0.0,0.0,0.0,0.1642377126
2006-12-01,0.0,0.0,0.0,0.0,0.0
2007-01-01,0.0,0.0,0.0,0.0,0.0
2007-02-01,0.0,0.0,0.0,0.0,0.04955448225
2007-03-01,0.0,4.302333850645161,2.2470788264516126,4.299593510612903,0.21740030922580647
2007-04-01,6.132485165299999,13.397644210599998,23.435966472100006,16.339764613899998,2.7816582703
2007-05-01,23.523078836903228,18.395902636548392,42.820553344064514,26.181208668193545,5.228568781548386
2007-06-01,24.173148389000005,22.895114694399993,49.05704963770001,32.4161825507,6.868723187299998
2007-07-01,30.788633709096775,27.675607432451606,52.98264763035484,36.73060434570967,7.894006186258064
2007-08-01,29.747304496838716,25.263194757387094,46.534627534451616,35.88475272241936,7.419927360677419
2007-09-01,31.668617789899997,18.1303332392,31.604432936699997,28.1667677109,5.6879106674
2007-10-01,11.761539418451614,8.168953636161293,8.769088103225805,12.53888254093549,0.9691669247419354
2007-11-01,0.0,0.0,0.0,0.0,0.0
2007-12-01,0.0,0.0,0.0,0.0,0.0
2008-01-01,0.0,0.0,0.0,0.0,0.0
2008-02-01,0.0,0.0,0.0,0.0,0.039057720000000004
2008-03-01,0.0,5.231309121580645,1.635069552580645,5.419479137129032,0.29869706351612907
2008-04-01,5.623725814199999,15.852714845499996,24.1240658542,19.678320875199997,2.8241335408
2008-05-01,21.82315457022581,17.75374962232258,42.984060299322586,26.71922876119354,4.4859366328064505
2008-06-01,22.995167553800005,21.199879454,47.58929306820001,30.043230772099996,6.253303712499999
2008-07-01,29.84230295129032,28.004448236322578,53.545330783645156,35.27091655519353,7.741460591129029
2008-08-01,29.390146845967738,25.443143752838715,47.99888255835483,34.309970650548394,6.749457499451612
2008-09-01,29.5373031057,18.8646834714,30.9682477741,28.740655810099998,5.370761981000001
2008-10-01,10.698287485935486,8.205491503258067,9.583882539483872,13.035797533451614,1.1299335399677422
2008-11-01,0.0,0.0,0.0,0.0,0.0
2008-12-01,0.0,0.0,0.0,0.0,0.0
2009-01-01,0.0,0.0,0.0009134466774193548,0.0,0.0
2009-02-01,0.0,0.0,0.0,0.0,0.0
2009-03-01,0.0,4.689635241870968,1.9036228757419358,4.299593510612903,0.11235394132258063
2009-04-01,6.524201548799999,14.450087024099993,20.2389944458,17.950993208199996,1.9859548696
2009-05-01,22.89736786287097,17.656924274516122,41.07130295680646,25.857848544387096,4.706077282064516
2009-06-01,23.683266935899994,23.7757686361,48.89375582,31.502492287500004,6.987653944700001
2009-07-01,30.41046678464516,27.736808359838708,50.3044219721613,34.932941284548384,8.221933543451613
2009-08-01,31.47737250387096,25.22757033696774,49.832170039935484,35.320242675774196,7.759729524677419
2009-09-01,29.5514615292,18.8146570417,29.786491359299998,28.46975797379999,5.5406630629999984
2009-10-01,12.823877904290322,8.776395676645166,8.752646063032257,13.498914998903228,0.829409583096774
2009-11-01,0.0,0.0,0.0,0.0,0.0
2009-12-01,0.0,0.0,0.0,0.0,0.0
2010-01-01,0.0,0.0,0.0,0.0,0.0
2010-02-01,0.0,0.0,0.0,0.0,0.0
2010-03-01,0.0,6.384078828483871,2.015976817064516,4.791941269741936,0.16350695525806452
2010-04-01,5.565204330399999,16.10095920419999,22.1456621438,19.070452559599996,2.3427471417999994
2010-05-01,19.826360133387094,16.285840811709676,43.40241887758065,25.81217621051612,4.031953634129032
2010-06-01,18.8193765162,18.487125511399995,43.9392514899,26.90855580919999,5.140451625399999
2010-07-01,29.64317157561289,28.27939568622581,51.49372954616129,35.339425056,8.143377129193548
2010-08-01,30.998726444903227,26.40957033754839,49.72255643864516,35.69475581351614,7.905880993064517
2010-09-01,26.47058857559999,16.6739034085,30.798346692099994,26.84437095599999,4.5278638353
2010-10-01,10.507377130354838,8.178088102935485,9.128072647451614,12.495950547096772,1.2075765075483869
2010-11-01,0.0,0.0,0.0,0.0,0.0
2010-12-01,0.0,0.0,0.0,0.0,0.0
2011-01-01,0.0,0.0,0.0,0.0,0.0
2011-02-01,0.0,0.0,0.0,0.0,0.0
2011-03-01,0.0,5.188377127741936,0.22196754261290322,5.127176200354838,0.12970942819354836
2011-04-01,5.572755489600001,15.234463685999998,18.9836142288,15.942384860999999,2.7155856273000003
2011-05-01,18.92327194128968,14.528396807755158,39.99993961779483,21.245892807963866,3.491540310834194
2011-06-01,21.601978681400002,21.113985018099996,45.5599190332,25.846674046699995,6.1702409612999976
2011-07-01,28.658476057354832,26.307264309677414,49.989282868451625,31.122955193032258,7.379735706870968
2011-08-01,31.41982536319355,27.731327679774182,50.616820735838694,32.65480527106451,7.978043280580643
2011-09-01,30.986181777200002,20.206902019199998,30.680359829599993,26.147776519799997,6.3750661546
2011-10-01,10.374013915451613,7.855641425806451,8.431112832580645,11.747837718290326,1.1893075739999996
2011-11-01,0.0,0.0,0.0,0.0,0.0
2011-12-01,0.0,0.0,0.0,0.0,0.0
2012-01-01,0.0,0.0,0.0,0.0,0.0
2012-02-01,0.0,0.0,0.0,0.0,0.06053946599999999
2012-03-01,0.0,5.819568781838709,1.408534776580645,3.652873263,0.11235394132258067
2012-04-01,4.3541871737,14.5340936702,20.5570870271,15.178773886899998,1.2676508507
2012-05-01,24.46758270135484,19.224398772967746,42.442386419612916,23.74504637951613,5.3957295235161284
2012-06-01,23.875821495499988,21.290493364399996,49.80744608319999,27.238919024199998,5.802121950300002
2012-07-01,28.483094295290325,27.820845454161287,52.91505257622582,31.863760448419345,7.548723342193548
2012-08-01,31.597034018612902,28.21518951927,49.393715634774196,31.63539877906451,8.035307252788062
2012-09-01,31.479838809900002,19.9784794534,31.2967231993,25.166125823799998,5.954089029200001
2012-10-01,13.044018553548387,9.149995367709675,8.930768165129033,12.5489304543871,1.6734343130322566
2012-11-01,0.0,0.0,0.0,0.0,0.0
2012-12-01,0.0,0.0,0.0,0.0,0.0
2013-01-01,0.0,0.0,0.0,0.0,0.0
2013-02-01,0.0,0.0,0.0,0.0,0.0
2013-03-01,0.0,7.167816077709678,3.9113786727096778,3.9634451333225806,0.30600463693548385
2013-04-01,6.546855026399999,18.552254259499993,22.809220258499998,17.9481615235,2.6466812996
2013-05-01,25.4851623,18.532919638161292,44.443748089838714,24.126867090677415,5.500775891419355
2013-06-01,25.036812222499996,21.619912684499997,49.51955813869999,27.95816693799999,6.6336933572
2013-07-01,29.851437418064513,29.0101530281613,52.33044670267741,31.91034622896775,8.626590421548386
2013-08-01,30.97680372464517,26.494520878548386,51.77324422945161,30.945746537612905,7.9469860935483885
2013-09-01,27.542853181999995,17.4582800704,35.000566786899995,23.537907121299995,5.1395077305
2013-10-01,5.774809894645162,8.89240340467742,6.641670791516129,11.313037099838711,1.003877898483871
2013-11-01,0.0,0.0,0.0,0.0,0.0
2013-12-01,0.0,0.0,0.0,0.0,0.0
